shipment_id,harvest_id,destination_id,date,weight_tons,traceability_code
1,48,4,2025-04-05,144,TRC-0001
2,525,7,2025-05-11,131,TRC-0002
3,38,8,2025-09-26,28,TRC-0003
4,280,9,2024-11-20,89,TRC-0004
5,504,5,2026-05-21,132,TRC-0005
6,420,6,2026-02-16,35,TRC-0006
7,276,6,2025-01-02,121,TRC-0007
8,137,7,2024-05-26,140,TRC-0008
9,283,2,2025-01-15,150,TRC-0009
10,106,8,2025-03-16,89,TRC-0010
11,359,1,2025-09-29,30,TRC-0011
12,342,3,2026-03-23,58,TRC-0012
13,448,3,2025-05-05,121,TRC-0013
14,222,3,2026-01-01,119,TRC-0014
15,176,6,2024-08-30,133,TRC-0015
16,11,10,2025-06-25,28,TRC-0016
17,41,7,2025-06-07,78,TRC-0017
18,444,9,2024-09-04,107,TRC-0018
19,279,8,2024-10-20,122,TRC-0019
20,126,3,2026-05-16,107,TRC-0020
21,26,1,2024-08-09,111,TRC-0021
22,418,10,2025-04-08,73,TRC-0022
23,505,7,2026-03-21,79,TRC-0023
24,133,3,2026-01-10,110,TRC-0024
25,237,8,2025-12-30,55,TRC-0025
26,181,3,2025-01-06,106,TRC-0026
27,37,4,2025-04-29,78,TRC-0027
28,8,9,2024-11-17,99,TRC-0028
29,258,1,2024-11-14,72,TRC-0029
30,274,4,2026-05-30,68,TRC-0030
31,127,11,2025-09-25,73,TRC-0031
32,409,11,2025-04-26,41,TRC-0032
33,499,9,2025-10-16,23,TRC-0033
34,225,8,2024-08-27,45,TRC-0034
35,489,7,2024-11-26,118,TRC-0035
36,303,6,2025-11-25,111,TRC-0036
37,148,2,2025-04-24,114,TRC-0037
38,228,8,2025-01-06,60,TRC-0038
39,31,6,2025-01-24,72,TRC-0039
40,203,11,2025-03-13,129,TRC-0040
41,210,5,2026-01-12,53,TRC-0041
42,39,4,2024-08-22,136,TRC-0042
43,223,11,2024-07-26,74,TRC-0043
44,24,4,2026-02-17,62,TRC-0044
45,523,6,2024-10-27,127,TRC-0045
46,83,11,2025-06-28,27,TRC-0046
47,12,7,2025-10-16,131,TRC-0047
48,415,11,2026-04-06,29,TRC-0048
49,229,5,2025-01-31,146,TRC-0049
50,96,5,2026-05-02,129,TRC-0050
51,367,10,2026-04-23,42,TRC-0051
52,343,3,2025-07-17,99,TRC-0052
53,391,3,2024-10-25,59,TRC-0053
54,361,10,2026-03-21,122,TRC-0054
55,303,4,2025-12-19,126,TRC-0055
56,264,10,2025-02-20,106,TRC-0056
57,206,9,2024-07-17,109,TRC-0057
58,425,6,2025-07-14,131,TRC-0058
59,77,8,2025-03-26,34,TRC-0059
60,223,1,2024-08-23,33,TRC-0060
61,17,11,2026-01-02,57,TRC-0061
62,390,11,2025-09-27,116,TRC-0062
63,360,7,2025-08-08,138,TRC-0063
64,175,4,2024-12-08,92,TRC-0064
65,275,10,2025-08-13,74,TRC-0065
66,401,1,2026-04-10,44,TRC-0066
67,11,5,2025-08-11,130,TRC-0067
68,453,4,2025-01-20,59,TRC-0068
69,312,8,2026-05-19,70,TRC-0069
70,366,10,2024-11-06,112,TRC-0070
71,496,7,2025-03-07,34,TRC-0071
72,203,8,2025-01-19,44,TRC-0072
73,375,11,2025-11-08,47,TRC-0073
74,359,8,2024-11-29,83,TRC-0074
75,446,10,2024-10-17,96,TRC-0075
76,219,4,2024-09-01,132,TRC-0076
77,134,9,2026-02-19,27,TRC-0077
78,448,6,2025-01-13,42,TRC-0078
79,311,8,2025-04-27,133,TRC-0079
80,515,4,2026-02-14,133,TRC-0080
81,271,6,2025-12-15,31,TRC-0081
82,327,10,2025-02-01,74,TRC-0082
83,405,3,2025-09-13,102,TRC-0083
84,246,1,2024-07-24,150,TRC-0084
85,403,10,2024-12-10,62,TRC-0085
86,306,4,2024-10-04,111,TRC-0086
87,416,10,2024-10-16,104,TRC-0087
88,192,2,2025-01-19,111,TRC-0088
89,241,9,2025-04-02,135,TRC-0089
90,47,4,2025-12-28,104,TRC-0090
91,298,7,2025-12-31,129,TRC-0091
92,61,4,2025-07-18,142,TRC-0092
93,452,5,2025-01-28,137,TRC-0093
94,126,11,2025-04-07,40,TRC-0094
95,191,3,2025-01-05,49,TRC-0095
96,244,10,2025-10-02,123,TRC-0096
97,419,9,2025-05-07,37,TRC-0097
98,310,2,2025-07-18,100,TRC-0098
99,222,6,2025-08-09,53,TRC-0099
100,2,2,2024-12-17,77,TRC-0100
101,324,1,2024-11-22,26,TRC-0101
102,347,8,2025-08-08,69,TRC-0102
103,32,2,2026-02-18,67,TRC-0103
104,477,2,2025-06-08,43,TRC-0104
105,57,7,2025-05-08,43,TRC-0105
106,119,4,2026-01-29,122,TRC-0106
107,365,6,2024-07-01,50,TRC-0107
108,228,10,2025-01-07,125,TRC-0108
109,514,7,2024-09-22,146,TRC-0109
110,8,9,2025-05-05,22,TRC-0110
111,152,10,2025-02-01,72,TRC-0111
112,375,1,2024-09-02,145,TRC-0112
113,433,2,2025-09-28,59,TRC-0113
114,144,2,2025-09-25,69,TRC-0114
115,362,3,2025-03-15,54,TRC-0115
116,272,1,2025-09-30,33,TRC-0116
117,75,8,2024-08-20,146,TRC-0117
118,358,7,2026-01-11,59,TRC-0118
119,8,7,2026-01-20,122,TRC-0119
120,186,7,2024-07-02,53,TRC-0120
121,61,7,2026-02-12,114,TRC-0121
122,326,8,2025-04-15,43,TRC-0122
123,121,9,2025-07-26,130,TRC-0123
124,84,2,2025-12-29,53,TRC-0124
125,227,4,2026-05-23,35,TRC-0125
126,366,10,2024-11-03,150,TRC-0126
127,139,1,2024-07-31,129,TRC-0127
128,118,5,2024-11-28,107,TRC-0128
129,518,10,2025-04-06,46,TRC-0129
130,397,11,2024-06-07,47,TRC-0130
131,50,5,2025-12-20,111,TRC-0131
132,168,2,2025-12-27,36,TRC-0132
133,223,7,2024-10-25,21,TRC-0133
134,281,2,2024-06-18,23,TRC-0134
135,417,1,2025-09-18,39,TRC-0135
136,263,1,2024-07-30,80,TRC-0136
137,334,5,2025-11-10,91,TRC-0137
138,414,1,2025-11-19,105,TRC-0138
139,424,3,2025-08-12,136,TRC-0139
140,408,7,2026-04-21,76,TRC-0140
141,42,8,2024-09-01,86,TRC-0141
142,281,2,2024-11-20,98,TRC-0142
143,17,5,2026-04-17,111,TRC-0143
144,442,3,2024-07-10,100,TRC-0144
145,295,8,2025-04-28,123,TRC-0145
146,88,10,2024-12-15,108,TRC-0146
147,99,7,2024-06-03,93,TRC-0147
148,411,2,2024-07-24,140,TRC-0148
149,328,10,2025-12-07,23,TRC-0149
150,133,10,2026-02-28,134,TRC-0150
151,124,7,2025-07-30,119,TRC-0151
152,409,7,2026-04-02,22,TRC-0152
153,131,5,2026-04-22,122,TRC-0153
154,48,2,2025-08-05,121,TRC-0154
155,162,8,2026-04-22,145,TRC-0155
156,162,2,2026-01-20,113,TRC-0156
157,212,2,2025-09-23,57,TRC-0157
158,281,3,2025-08-29,71,TRC-0158
159,350,7,2024-07-08,28,TRC-0159
160,329,9,2025-07-22,99,TRC-0160
161,464,3,2024-12-07,47,TRC-0161
162,348,3,2025-05-19,22,TRC-0162
163,339,4,2026-01-03,42,TRC-0163
164,528,5,2025-02-22,115,TRC-0164
165,338,10,2026-05-15,78,TRC-0165
166,249,3,2024-07-19,52,TRC-0166
167,88,3,2025-08-11,89,TRC-0167
168,112,5,2025-10-05,39,TRC-0168
169,498,9,2025-04-21,76,TRC-0169
170,477,8,2024-10-04,58,TRC-0170
171,153,2,2025-08-12,49,TRC-0171
172,151,4,2026-06-04,43,TRC-0172
173,83,9,2026-01-13,47,TRC-0173
174,393,3,2025-05-15,99,TRC-0174
175,353,8,2024-08-31,131,TRC-0175
176,371,9,2026-01-11,141,TRC-0176
177,356,3,2025-08-02,126,TRC-0177
178,515,9,2024-08-17,56,TRC-0178
179,153,6,2025-06-29,99,TRC-0179
180,132,11,2026-01-22,102,TRC-0180
181,120,2,2026-02-10,139,TRC-0181
182,26,6,2024-11-19,31,TRC-0182
183,345,6,2025-01-16,78,TRC-0183
184,484,3,2024-11-19,21,TRC-0184
185,407,8,2026-04-23,131,TRC-0185
186,46,9,2024-05-19,52,TRC-0186
187,329,9,2024-07-26,134,TRC-0187
188,57,11,2026-03-05,140,TRC-0188
189,74,11,2025-05-05,75,TRC-0189
190,369,10,2024-12-14,68,TRC-0190
191,140,7,2026-03-21,52,TRC-0191
192,493,5,2024-12-29,41,TRC-0192
193,226,1,2024-07-31,51,TRC-0193
194,84,5,2025-05-21,93,TRC-0194
195,392,5,2024-08-05,110,TRC-0195
196,278,4,2025-06-07,74,TRC-0196
197,491,2,2025-03-15,51,TRC-0197
198,233,4,2026-01-06,90,TRC-0198
199,443,10,2025-05-02,139,TRC-0199
200,26,1,2026-03-20,72,TRC-0200
201,302,5,2025-05-08,147,TRC-0201
202,365,9,2026-05-08,125,TRC-0202
203,519,2,2025-03-14,141,TRC-0203
204,55,3,2025-06-13,49,TRC-0204
205,158,8,2025-02-22,85,TRC-0205
206,448,4,2026-01-13,52,TRC-0206
207,47,4,2024-05-17,74,TRC-0207
208,172,3,2025-08-07,78,TRC-0208
209,42,8,2025-12-30,23,TRC-0209
210,212,11,2025-10-30,50,TRC-0210
211,224,7,2026-06-09,138,TRC-0211
212,483,8,2026-01-01,85,TRC-0212
213,19,4,2026-03-09,123,TRC-0213
214,362,7,2025-04-25,23,TRC-0214
215,387,3,2025-04-21,61,TRC-0215
216,186,11,2026-05-16,52,TRC-0216
217,218,9,2025-07-01,126,TRC-0217
218,268,8,2025-05-26,54,TRC-0218
219,221,10,2025-01-08,72,TRC-0219
220,307,6,2025-04-28,130,TRC-0220
221,412,7,2026-04-11,121,TRC-0221
222,361,4,2026-02-13,44,TRC-0222
223,259,11,2024-11-01,87,TRC-0223
224,284,10,2025-10-19,43,TRC-0224
225,317,7,2026-03-24,109,TRC-0225
226,268,3,2026-04-19,50,TRC-0226
227,241,8,2026-03-25,42,TRC-0227
228,315,9,2025-07-29,77,TRC-0228
229,98,2,2024-12-10,125,TRC-0229
230,359,6,2025-10-11,115,TRC-0230
231,76,10,2025-10-04,83,TRC-0231
232,203,2,2024-08-07,73,TRC-0232
233,404,6,2026-02-17,147,TRC-0233
234,410,8,2025-01-25,129,TRC-0234
235,500,6,2024-09-23,73,TRC-0235
236,436,2,2024-11-26,73,TRC-0236
237,498,5,2025-04-24,38,TRC-0237
238,25,9,2026-03-27,96,TRC-0238
239,504,3,2026-02-15,69,TRC-0239
240,14,11,2026-05-21,145,TRC-0240
241,373,1,2025-09-18,28,TRC-0241
242,84,4,2024-10-19,47,TRC-0242
243,1,5,2024-08-13,92,TRC-0243
244,423,5,2026-01-03,147,TRC-0244
245,268,10,2025-12-22,23,TRC-0245
246,404,2,2026-01-24,118,TRC-0246
247,19,5,2025-01-25,42,TRC-0247
248,230,9,2025-03-17,26,TRC-0248
249,391,8,2024-11-01,79,TRC-0249
250,186,1,2025-09-24,120,TRC-0250
251,186,4,2026-04-18,137,TRC-0251
252,313,4,2026-02-21,64,TRC-0252
253,522,7,2026-02-19,132,TRC-0253
254,372,10,2025-02-15,140,TRC-0254
255,371,11,2025-07-29,133,TRC-0255
256,501,8,2025-06-24,21,TRC-0256
257,344,5,2026-04-19,44,TRC-0257
258,211,11,2025-09-07,66,TRC-0258
259,435,9,2026-05-15,107,TRC-0259
260,431,2,2026-02-26,28,TRC-0260
261,486,4,2025-02-22,108,TRC-0261
262,491,10,2025-11-20,95,TRC-0262
263,421,5,2024-10-04,89,TRC-0263
264,173,7,2025-06-07,71,TRC-0264
265,406,8,2026-01-08,128,TRC-0265
266,404,5,2026-04-07,105,TRC-0266
267,395,10,2025-08-11,86,TRC-0267
268,81,6,2024-10-08,110,TRC-0268
269,454,5,2025-01-22,101,TRC-0269
270,260,1,2025-05-01,113,TRC-0270
271,508,3,2025-12-19,21,TRC-0271
272,408,6,2025-11-12,78,TRC-0272
273,28,4,2025-10-07,132,TRC-0273
274,34,8,2024-12-15,21,TRC-0274
275,222,4,2025-05-03,115,TRC-0275
276,194,3,2025-02-02,50,TRC-0276
277,389,5,2026-05-18,30,TRC-0277
278,487,4,2025-01-12,137,TRC-0278
279,282,2,2025-04-02,110,TRC-0279
280,224,3,2025-05-25,85,TRC-0280
281,106,1,2024-10-13,56,TRC-0281
282,236,9,2025-06-02,135,TRC-0282
283,207,5,2025-03-24,121,TRC-0283
284,438,5,2025-09-28,120,TRC-0284
285,254,4,2025-03-21,54,TRC-0285
286,486,5,2026-02-20,48,TRC-0286
287,151,1,2024-09-12,92,TRC-0287
288,91,1,2025-12-21,65,TRC-0288
289,46,8,2025-01-10,48,TRC-0289
290,402,5,2026-02-13,87,TRC-0290
291,481,4,2025-06-10,70,TRC-0291
292,438,2,2026-04-02,87,TRC-0292
293,330,8,2024-10-11,115,TRC-0293
294,216,6,2025-04-27,25,TRC-0294
295,420,1,2026-02-14,67,TRC-0295
296,414,9,2025-09-24,140,TRC-0296
297,482,1,2024-08-15,143,TRC-0297
298,123,3,2025-01-31,66,TRC-0298
299,98,4,2025-01-24,48,TRC-0299
300,504,8,2025-10-14,84,TRC-0300
301,305,11,2026-04-25,46,TRC-0301
302,511,7,2025-05-01,148,TRC-0302
303,343,9,2026-05-30,22,TRC-0303
304,68,1,2025-01-07,123,TRC-0304
305,31,7,2026-04-17,88,TRC-0305
306,37,8,2025-09-26,72,TRC-0306
307,276,9,2025-08-01,70,TRC-0307
308,261,9,2025-04-03,109,TRC-0308
309,444,6,2025-05-08,92,TRC-0309
310,269,10,2026-03-28,53,TRC-0310
311,527,1,2026-05-13,22,TRC-0311
312,463,9,2025-04-27,149,TRC-0312
313,263,4,2025-05-25,41,TRC-0313
314,334,10,2024-07-25,148,TRC-0314
315,274,1,2024-09-25,100,TRC-0315
316,205,3,2026-04-04,28,TRC-0316
317,447,1,2025-06-08,107,TRC-0317
318,56,2,2026-05-21,112,TRC-0318
319,39,3,2025-02-14,122,TRC-0319
320,225,1,2024-10-28,62,TRC-0320
321,410,6,2025-01-31,87,TRC-0321
322,31,8,2025-04-17,50,TRC-0322
323,62,3,2025-04-30,138,TRC-0323
324,27,2,2026-04-13,57,TRC-0324
325,96,9,2024-08-01,103,TRC-0325
326,300,3,2025-09-22,71,TRC-0326
327,144,1,2026-03-11,118,TRC-0327
328,309,9,2025-01-19,51,TRC-0328
329,244,1,2026-02-18,108,TRC-0329
330,295,8,2025-05-27,75,TRC-0330
331,498,10,2025-04-08,134,TRC-0331
332,154,5,2024-12-15,104,TRC-0332
333,108,6,2026-02-15,41,TRC-0333
334,149,11,2025-12-28,68,TRC-0334
335,448,5,2024-11-19,53,TRC-0335
336,517,6,2025-10-12,67,TRC-0336
337,479,11,2026-01-08,127,TRC-0337
338,347,10,2024-11-30,30,TRC-0338
339,526,2,2025-09-22,128,TRC-0339
340,269,9,2024-12-10,136,TRC-0340
341,347,1,2025-09-18,95,TRC-0341
342,289,10,2025-06-15,49,TRC-0342
343,523,10,2025-08-04,54,TRC-0343
344,417,5,2024-08-29,30,TRC-0344
345,28,8,2024-09-26,125,TRC-0345
346,361,10,2024-11-23,73,TRC-0346
347,521,9,2024-10-11,39,TRC-0347
348,138,11,2024-09-26,59,TRC-0348
349,338,5,2025-02-22,134,TRC-0349
350,505,5,2025-08-05,115,TRC-0350
351,291,2,2025-09-18,52,TRC-0351
352,459,3,2026-01-14,93,TRC-0352
353,482,10,2024-09-28,29,TRC-0353
354,64,5,2024-08-05,104,TRC-0354
355,292,9,2026-04-25,99,TRC-0355
356,272,2,2025-08-21,131,TRC-0356
357,203,11,2025-01-06,107,TRC-0357
358,121,3,2024-08-01,104,TRC-0358
359,227,6,2026-04-25,27,TRC-0359
360,442,8,2025-08-01,87,TRC-0360
361,309,2,2025-04-04,59,TRC-0361
362,152,11,2025-08-19,143,TRC-0362
363,203,2,2025-09-26,92,TRC-0363
364,207,5,2025-03-24,46,TRC-0364
365,58,6,2025-06-07,92,TRC-0365
366,247,5,2026-05-05,110,TRC-0366
367,345,6,2024-08-12,131,TRC-0367
368,435,9,2024-11-12,74,TRC-0368
369,496,7,2025-05-13,126,TRC-0369
370,365,1,2025-04-25,97,TRC-0370
371,515,7,2025-02-05,33,TRC-0371
372,82,8,2025-12-04,42,TRC-0372
373,483,9,2024-11-23,102,TRC-0373
374,468,10,2025-02-12,79,TRC-0374
375,393,1,2025-06-28,82,TRC-0375
376,37,9,2025-03-12,149,TRC-0376
377,91,1,2025-08-07,114,TRC-0377
378,202,10,2024-12-03,40,TRC-0378
379,379,4,2025-04-20,64,TRC-0379
380,416,5,2026-04-06,32,TRC-0380
381,195,11,2026-02-18,80,TRC-0381
382,444,4,2026-01-15,147,TRC-0382
383,3,11,2025-09-23,80,TRC-0383
384,174,11,2025-08-02,36,TRC-0384
385,305,5,2026-03-20,135,TRC-0385
386,464,7,2024-11-26,123,TRC-0386
387,139,1,2024-09-25,79,TRC-0387
388,95,3,2025-04-27,95,TRC-0388
389,446,5,2026-04-28,143,TRC-0389
390,423,5,2025-04-30,90,TRC-0390
391,475,11,2024-10-12,69,TRC-0391
392,445,7,2026-04-18,81,TRC-0392
393,336,9,2025-02-05,43,TRC-0393
394,310,5,2025-08-05,63,TRC-0394
395,457,11,2025-01-29,42,TRC-0395
396,394,10,2025-09-13,75,TRC-0396
397,95,6,2024-08-12,104,TRC-0397
398,319,11,2025-07-11,56,TRC-0398
399,286,1,2025-07-01,59,TRC-0399
400,12,9,2024-07-11,116,TRC-0400
401,398,7,2026-06-28,127,TRC-0401
402,187,3,2025-12-29,57,TRC-0402
403,273,7,2025-01-13,145,TRC-0403
404,54,4,2026-03-27,139,TRC-0404
405,498,9,2025-05-01,89,TRC-0405
406,66,4,2025-10-24,125,TRC-0406
407,335,8,2025-04-04,148,TRC-0407
408,272,6,2025-05-19,103,TRC-0408
409,461,11,2025-04-24,122,TRC-0409
410,515,7,2024-12-02,20,TRC-0410
411,346,2,2025-12-27,53,TRC-0411
412,435,5,2025-01-27,85,TRC-0412
413,425,4,2024-08-26,62,TRC-0413
414,377,7,2025-09-24,47,TRC-0414
415,364,4,2024-08-31,84,TRC-0415
416,44,1,2025-09-16,94,TRC-0416
417,523,7,2024-11-26,133,TRC-0417
418,103,6,2025-01-25,55,TRC-0418
419,334,2,2025-09-17,43,TRC-0419
420,349,7,2026-05-12,115,TRC-0420
421,230,6,2025-09-22,101,TRC-0421
422,90,11,2025-11-08,87,TRC-0422
423,191,10,2025-02-23,148,TRC-0423
424,421,4,2026-02-13,67,TRC-0424
425,49,5,2025-01-07,52,TRC-0425
426,99,1,2025-05-01,122,TRC-0426
427,80,8,2025-09-27,31,TRC-0427
428,155,3,2025-05-12,40,TRC-0428
429,471,11,2024-09-26,95,TRC-0429
430,22,6,2026-02-23,53,TRC-0430
431,185,6,2025-10-23,129,TRC-0431
432,297,4,2024-12-30,101,TRC-0432
433,46,5,2025-09-16,21,TRC-0433
434,376,2,2025-11-17,76,TRC-0434
435,79,1,2025-09-25,59,TRC-0435
436,412,9,2026-03-13,136,TRC-0436
437,206,8,2026-01-23,48,TRC-0437
438,245,3,2026-05-18,31,TRC-0438
439,85,10,2026-03-28,52,TRC-0439
440,255,2,2024-09-22,65,TRC-0440
441,422,6,2026-05-21,121,TRC-0441
442,227,4,2026-04-06,122,TRC-0442
443,365,6,2025-05-14,150,TRC-0443
444,150,5,2025-06-04,136,TRC-0444
445,347,3,2025-08-09,127,TRC-0445
446,56,11,2026-02-09,81,TRC-0446
447,59,3,2025-12-19,136,TRC-0447
448,8,1,2025-04-07,111,TRC-0448
449,500,1,2025-07-13,129,TRC-0449
450,474,2,2025-07-23,38,TRC-0450
451,94,7,2025-12-27,136,TRC-0451
452,247,6,2026-02-07,68,TRC-0452
453,18,11,2026-05-17,114,TRC-0453
454,289,10,2025-11-12,101,TRC-0454
455,339,8,2025-05-25,34,TRC-0455
456,304,4,2025-02-05,57,TRC-0456
457,233,1,2025-05-01,57,TRC-0457
458,406,11,2025-03-08,87,TRC-0458
459,343,11,2025-08-06,104,TRC-0459
460,26,3,2024-08-05,28,TRC-0460
461,67,6,2025-08-13,98,TRC-0461
462,324,2,2024-12-11,32,TRC-0462
463,292,7,2025-08-09,113,TRC-0463
464,427,4,2026-05-15,80,TRC-0464
465,494,6,2026-03-07,97,TRC-0465
466,55,1,2026-03-26,92,TRC-0466
467,270,4,2026-03-11,135,TRC-0467
468,151,2,2026-01-16,138,TRC-0468
469,452,1,2025-04-04,48,TRC-0469
470,174,9,2025-05-01,77,TRC-0470
471,482,2,2024-10-10,134,TRC-0471
472,112,8,2025-05-06,116,TRC-0472
473,38,6,2025-08-10,44,TRC-0473
474,245,1,2024-05-03,37,TRC-0474
475,372,10,2026-02-19,41,TRC-0475
476,194,4,2024-07-11,38,TRC-0476
477,217,7,2026-02-02,93,TRC-0477
478,264,5,2024-07-29,31,TRC-0478
479,304,6,2025-04-24,58,TRC-0479
480,208,6,2024-08-18,139,TRC-0480
481,392,6,2025-04-05,21,TRC-0481
482,185,1,2025-08-23,140,TRC-0482
483,151,11,2025-07-16,66,TRC-0483
484,164,7,2025-04-27,26,TRC-0484
485,67,2,2025-05-09,131,TRC-0485
486,121,1,2025-06-07,76,TRC-0486
487,70,10,2026-01-03,91,TRC-0487
488,69,11,2025-04-22,139,TRC-0488
489,202,3,2025-10-31,147,TRC-0489
490,25,6,2025-09-19,138,TRC-0490
491,508,1,2025-06-20,41,TRC-0491
492,476,3,2025-05-07,118,TRC-0492
493,103,2,2025-12-11,105,TRC-0493
494,411,5,2026-06-05,131,TRC-0494
495,461,4,2026-03-09,101,TRC-0495
496,115,10,2025-05-25,62,TRC-0496
497,363,2,2025-10-30,72,TRC-0497
498,246,10,2024-10-12,137,TRC-0498
499,179,6,2026-05-19,31,TRC-0499
500,366,2,2026-01-04,128,TRC-0500
501,427,11,2025-09-28,141,TRC-0501
502,124,9,2025-05-01,53,TRC-0502
503,509,5,2026-03-23,150,TRC-0503
504,512,8,2025-04-30,81,TRC-0504
505,342,11,2024-07-10,98,TRC-0505
506,241,6,2025-04-07,118,TRC-0506
507,182,6,2024-10-30,57,TRC-0507
508,205,1,2025-04-30,117,TRC-0508
509,127,3,2026-01-30,117,TRC-0509
510,92,10,2024-05-14,127,TRC-0510
511,379,4,2025-04-29,29,TRC-0511
512,252,9,2024-10-02,142,TRC-0512
513,329,11,2025-03-30,120,TRC-0513
514,489,6,2026-01-24,79,TRC-0514
515,340,3,2026-04-07,128,TRC-0515
516,140,10,2025-11-15,90,TRC-0516
517,492,9,2024-05-17,51,TRC-0517
518,162,7,2025-04-18,70,TRC-0518
519,126,8,2025-01-25,79,TRC-0519
520,141,10,2025-09-02,76,TRC-0520
521,472,9,2025-05-26,130,TRC-0521
522,251,10,2024-09-03,90,TRC-0522
523,57,6,2025-02-23,103,TRC-0523
524,495,10,2024-08-10,40,TRC-0524
525,209,2,2026-02-12,52,TRC-0525
526,310,11,2025-07-28,101,TRC-0526
527,254,9,2026-04-30,39,TRC-0527
528,507,6,2025-03-11,28,TRC-0528
529,162,1,2024-11-01,89,TRC-0529
530,193,7,2024-11-17,115,TRC-0530
531,428,3,2025-05-05,85,TRC-0531
532,103,7,2024-12-03,116,TRC-0532
533,323,6,2025-03-30,24,TRC-0533
534,279,4,2026-01-06,89,TRC-0534
535,62,2,2025-02-22,24,TRC-0535
536,499,10,2025-05-21,141,TRC-0536
537,198,6,2024-11-29,91,TRC-0537
538,2,2,2026-01-02,38,TRC-0538
539,426,10,2025-08-14,49,TRC-0539
540,252,6,2025-01-19,134,TRC-0540
541,315,9,2025-07-13,39,TRC-0541
542,333,8,2025-09-20,29,TRC-0542
543,470,6,2025-04-30,121,TRC-0543
544,422,5,2025-10-19,61,TRC-0544
545,310,6,2025-04-08,102,TRC-0545
546,167,1,2026-03-31,65,TRC-0546
547,350,5,2025-08-14,119,TRC-0547
548,256,10,2025-08-28,92,TRC-0548
549,86,8,2025-09-29,83,TRC-0549
550,283,7,2026-01-23,118,TRC-0550
551,349,5,2024-09-27,140,TRC-0551
552,428,1,2025-10-31,83,TRC-0552
553,453,10,2025-04-28,111,TRC-0553
554,195,6,2025-04-29,54,TRC-0554
555,88,3,2025-04-26,20,TRC-0555
556,299,11,2025-08-01,47,TRC-0556
557,409,2,2026-01-29,118,TRC-0557
558,346,7,2026-02-14,84,TRC-0558
559,344,5,2025-01-31,51,TRC-0559
560,202,7,2025-06-05,120,TRC-0560
561,144,9,2025-12-31,107,TRC-0561
562,442,6,2024-06-08,49,TRC-0562
563,102,11,2025-02-27,115,TRC-0563
564,175,10,2025-10-31,35,TRC-0564
565,312,10,2026-01-22,65,TRC-0565
566,119,11,2025-07-31,46,TRC-0566
567,277,9,2026-05-13,48,TRC-0567
568,292,1,2025-01-21,41,TRC-0568
569,371,7,2025-04-07,68,TRC-0569
570,173,7,2025-06-26,102,TRC-0570
571,124,3,2025-04-09,27,TRC-0571
572,310,1,2025-04-30,58,TRC-0572
573,519,11,2024-08-29,97,TRC-0573
574,516,9,2025-04-26,120,TRC-0574
575,305,9,2025-01-29,38,TRC-0575
576,192,10,2024-10-25,51,TRC-0576
577,469,11,2026-05-18,103,TRC-0577
578,320,5,2025-05-11,51,TRC-0578
579,154,2,2025-05-05,26,TRC-0579
580,196,1,2024-12-30,100,TRC-0580
581,105,6,2026-03-28,123,TRC-0581
582,297,3,2025-08-02,84,TRC-0582
583,152,5,2025-10-25,121,TRC-0583
584,489,2,2025-03-09,82,TRC-0584
585,143,6,2026-01-03,83,TRC-0585
586,248,9,2025-09-16,128,TRC-0586
587,459,8,2024-12-29,118,TRC-0587
588,138,10,2024-10-12,70,TRC-0588
589,405,8,2024-05-06,97,TRC-0589
590,512,8,2024-05-21,54,TRC-0590
591,460,11,2025-04-22,106,TRC-0591
592,54,1,2025-12-30,81,TRC-0592
593,380,2,2024-08-06,24,TRC-0593
594,291,8,2024-09-18,55,TRC-0594
595,188,7,2026-02-16,108,TRC-0595
596,448,11,2025-10-24,73,TRC-0596
597,445,4,2026-01-02,101,TRC-0597
598,106,9,2024-07-21,63,TRC-0598
599,196,7,2024-10-01,69,TRC-0599
600,437,9,2026-04-18,25,TRC-0600
601,281,3,2024-10-01,79,TRC-0601
602,237,2,2025-11-26,114,TRC-0602
603,83,7,2025-04-10,67,TRC-0603
604,327,4,2026-02-15,99,TRC-0604
605,355,1,2025-09-24,140,TRC-0605
606,491,6,2025-04-21,21,TRC-0606
607,290,11,2025-05-28,122,TRC-0607
608,468,7,2025-05-03,149,TRC-0608
609,129,2,2025-08-20,80,TRC-0609
610,368,2,2026-02-22,85,TRC-0610
611,285,3,2025-03-11,61,TRC-0611
612,341,6,2024-11-27,45,TRC-0612
613,36,6,2025-06-25,37,TRC-0613
614,99,10,2026-04-02,125,TRC-0614
615,113,2,2026-04-16,26,TRC-0615
616,317,6,2024-10-09,47,TRC-0616
617,235,7,2026-05-20,111,TRC-0617
618,32,5,2025-04-05,36,TRC-0618
619,509,3,2025-04-03,56,TRC-0619
620,138,7,2024-08-20,144,TRC-0620
621,41,4,2024-11-13,64,TRC-0621
622,115,3,2025-04-07,40,TRC-0622
623,236,6,2024-12-30,98,TRC-0623
624,143,2,2026-06-01,38,TRC-0624
625,325,10,2024-10-09,128,TRC-0625
626,223,2,2025-05-26,42,TRC-0626
627,211,4,2025-09-18,46,TRC-0627
628,516,7,2025-11-27,61,TRC-0628
629,443,6,2024-06-14,86,TRC-0629
630,241,9,2025-02-18,44,TRC-0630
631,250,7,2025-04-25,96,TRC-0631
632,39,1,2024-08-03,53,TRC-0632
633,157,5,2024-12-03,39,TRC-0633
634,90,8,2025-08-13,31,TRC-0634
635,269,7,2026-03-02,36,TRC-0635
636,482,9,2025-04-06,134,TRC-0636
637,66,5,2025-06-04,142,TRC-0637
638,132,1,2026-02-20,91,TRC-0638
639,508,5,2025-02-25,74,TRC-0639
640,313,3,2024-12-10,46,TRC-0640
641,370,2,2026-04-10,31,TRC-0641
642,405,1,2025-04-02,36,TRC-0642
643,114,4,2025-10-27,51,TRC-0643
644,376,6,2025-04-14,136,TRC-0644
645,49,8,2025-01-14,57,TRC-0645
646,366,7,2025-10-14,138,TRC-0646
647,501,7,2026-02-01,39,TRC-0647
648,465,8,2025-06-15,128,TRC-0648
649,380,2,2026-02-14,75,TRC-0649
650,476,11,2025-11-21,39,TRC-0650
651,87,9,2025-05-06,77,TRC-0651
652,43,5,2026-02-09,149,TRC-0652
653,40,5,2026-02-10,112,TRC-0653
654,259,6,2026-04-11,107,TRC-0654
655,523,2,2025-08-18,136,TRC-0655
656,117,9,2025-06-26,27,TRC-0656
657,413,5,2025-10-01,30,TRC-0657
658,357,8,2026-05-13,101,TRC-0658
659,198,10,2025-11-17,47,TRC-0659
660,401,3,2025-08-07,28,TRC-0660
661,314,10,2025-05-23,68,TRC-0661
662,188,8,2026-04-11,40,TRC-0662
663,32,7,2024-09-22,78,TRC-0663
664,468,1,2025-04-12,55,TRC-0664
665,77,6,2025-12-29,70,TRC-0665
666,286,3,2026-02-16,34,TRC-0666
667,357,6,2026-03-29,76,TRC-0667
668,290,1,2024-08-02,135,TRC-0668
669,480,9,2026-05-22,62,TRC-0669
670,33,1,2024-09-19,136,TRC-0670
671,284,1,2026-03-12,99,TRC-0671
672,128,3,2025-01-11,95,TRC-0672
673,455,6,2025-01-25,145,TRC-0673
674,98,1,2025-05-19,99,TRC-0674
675,496,2,2026-06-02,127,TRC-0675
676,153,7,2024-07-31,52,TRC-0676
677,510,1,2025-06-01,86,TRC-0677
678,85,2,2025-11-11,24,TRC-0678
679,475,8,2025-08-13,23,TRC-0679
680,161,6,2026-04-07,138,TRC-0680
681,301,4,2025-04-03,27,TRC-0681
682,138,5,2025-05-10,116,TRC-0682
683,495,11,2025-02-18,85,TRC-0683
684,59,5,2024-07-06,78,TRC-0684
685,476,8,2024-08-17,148,TRC-0685
686,414,10,2026-04-12,61,TRC-0686
687,23,5,2026-04-01,51,TRC-0687
688,61,2,2026-01-04,150,TRC-0688
689,251,3,2025-01-08,83,TRC-0689
690,366,7,2025-11-10,115,TRC-0690
691,128,3,2026-02-13,138,TRC-0691
692,83,8,2025-04-01,34,TRC-0692
693,278,4,2025-06-01,137,TRC-0693
694,159,6,2025-03-09,117,TRC-0694
695,30,6,2024-11-02,73,TRC-0695
696,323,2,2025-10-16,59,TRC-0696
697,75,6,2025-10-15,86,TRC-0697
698,117,10,2025-09-22,26,TRC-0698
699,389,1,2026-03-25,145,TRC-0699
700,412,11,2025-05-08,72,TRC-0700
701,370,3,2025-10-18,65,TRC-0701
702,272,3,2026-05-23,128,TRC-0702
703,375,4,2024-09-24,87,TRC-0703
704,435,2,2025-05-12,51,TRC-0704
705,321,11,2026-02-15,99,TRC-0705
706,424,2,2025-04-22,90,TRC-0706
707,215,8,2026-01-25,101,TRC-0707
708,131,11,2025-04-15,114,TRC-0708
709,110,5,2024-07-11,99,TRC-0709
710,197,3,2025-10-20,69,TRC-0710
711,380,10,2026-05-20,78,TRC-0711
712,58,4,2024-08-31,105,TRC-0712
713,31,6,2025-11-23,27,TRC-0713
714,47,8,2024-07-27,150,TRC-0714
715,462,4,2025-04-11,112,TRC-0715
716,135,6,2026-06-23,66,TRC-0716
717,505,8,2025-04-28,143,TRC-0717
718,281,10,2025-09-18,119,TRC-0718
719,252,1,2024-09-01,98,TRC-0719
720,55,1,2026-05-31,131,TRC-0720
721,524,3,2025-07-31,119,TRC-0721
722,445,3,2025-05-27,137,TRC-0722
723,213,8,2026-04-21,138,TRC-0723
724,361,11,2025-02-19,94,TRC-0724
725,104,3,2024-05-13,51,TRC-0725
726,25,8,2025-06-02,60,TRC-0726
727,363,4,2024-11-22,131,TRC-0727
728,445,1,2026-04-05,76,TRC-0728
729,480,1,2024-10-29,132,TRC-0729
730,140,6,2026-04-14,46,TRC-0730
731,207,2,2025-12-13,120,TRC-0731
732,135,6,2026-02-17,35,TRC-0732
733,305,4,2026-04-13,150,TRC-0733
734,159,8,2025-10-06,111,TRC-0734
735,438,2,2025-03-11,147,TRC-0735
736,425,5,2024-09-01,106,TRC-0736
737,363,10,2025-09-18,110,TRC-0737
738,119,3,2026-02-15,134,TRC-0738
739,505,5,2025-09-25,56,TRC-0739
740,235,3,2025-02-19,57,TRC-0740
741,166,4,2025-03-06,73,TRC-0741
742,488,7,2024-08-12,46,TRC-0742
743,278,1,2025-06-09,90,TRC-0743
744,399,6,2025-09-23,113,TRC-0744
745,168,9,2024-11-21,116,TRC-0745
746,82,2,2026-04-12,24,TRC-0746
747,140,3,2025-08-07,61,TRC-0747
748,299,11,2025-05-03,106,TRC-0748
749,139,8,2024-07-31,127,TRC-0749
750,280,3,2024-05-20,72,TRC-0750
751,272,4,2026-05-26,78,TRC-0751
752,137,8,2026-02-10,75,TRC-0752
753,192,2,2025-08-07,108,TRC-0753
754,13,3,2026-03-05,117,TRC-0754
755,452,3,2025-05-26,37,TRC-0755
756,258,9,2024-07-30,118,TRC-0756
757,222,8,2024-08-06,37,TRC-0757
758,488,4,2024-11-23,48,TRC-0758
759,186,1,2025-02-23,69,TRC-0759
760,465,4,2024-12-20,27,TRC-0760
761,488,10,2025-05-19,73,TRC-0761
762,461,4,2025-09-29,46,TRC-0762
763,488,4,2026-02-09,90,TRC-0763
764,349,1,2025-01-27,60,TRC-0764
765,28,9,2025-01-25,58,TRC-0765
766,19,1,2025-04-05,35,TRC-0766
767,177,1,2025-11-06,142,TRC-0767
768,125,9,2025-01-25,91,TRC-0768
769,252,10,2026-05-14,102,TRC-0769
770,135,4,2026-05-15,73,TRC-0770
771,476,6,2026-05-24,49,TRC-0771
772,457,10,2025-04-04,27,TRC-0772
773,202,1,2025-04-30,34,TRC-0773
774,290,2,2026-03-29,139,TRC-0774
775,174,5,2026-02-12,51,TRC-0775
776,49,8,2025-08-06,128,TRC-0776
777,497,6,2024-05-05,107,TRC-0777
778,347,10,2025-10-02,44,TRC-0778
779,45,5,2025-01-17,132,TRC-0779
780,401,7,2026-04-19,94,TRC-0780
781,457,3,2024-10-31,148,TRC-0781
782,107,9,2025-04-02,51,TRC-0782
783,41,5,2026-01-20,77,TRC-0783
784,48,11,2025-04-25,86,TRC-0784
785,109,8,2026-02-14,118,TRC-0785
786,303,10,2025-08-20,71,TRC-0786
787,436,7,2026-04-17,134,TRC-0787
788,453,9,2024-11-25,127,TRC-0788
789,323,8,2024-09-27,89,TRC-0789
790,56,7,2026-05-20,131,TRC-0790
791,440,5,2025-04-08,43,TRC-0791
792,242,11,2024-12-18,135,TRC-0792
793,466,8,2024-05-22,33,TRC-0793
794,286,10,2025-04-11,74,TRC-0794
795,273,6,2025-02-22,57,TRC-0795
796,450,9,2025-10-05,23,TRC-0796
797,3,5,2025-04-27,30,TRC-0797
798,206,7,2024-11-19,108,TRC-0798
799,458,6,2024-12-03,120,TRC-0799
800,143,1,2026-01-01,76,TRC-0800
801,214,6,2025-02-18,147,TRC-0801
802,373,7,2025-08-07,143,TRC-0802
803,159,4,2024-07-19,21,TRC-0803
804,350,8,2025-08-02,149,TRC-0804
805,118,6,2024-12-20,79,TRC-0805
806,186,6,2024-11-15,119,TRC-0806
807,8,10,2025-10-14,20,TRC-0807
808,218,7,2025-11-29,31,TRC-0808
809,208,5,2025-10-14,38,TRC-0809
810,347,11,2025-02-01,68,TRC-0810
811,528,6,2025-08-14,131,TRC-0811
812,455,8,2024-09-30,27,TRC-0812
813,437,1,2025-09-22,26,TRC-0813
814,387,2,2025-09-26,91,TRC-0814
815,456,1,2026-01-02,33,TRC-0815
816,82,11,2025-05-07,144,TRC-0816
817,202,7,2025-04-27,132,TRC-0817
818,245,9,2025-05-25,137,TRC-0818
819,82,6,2025-07-07,142,TRC-0819
820,7,6,2025-01-02,85,TRC-0820
821,448,7,2025-05-08,51,TRC-0821
822,512,5,2025-11-03,37,TRC-0822
823,501,9,2025-12-14,112,TRC-0823
824,257,2,2024-08-08,148,TRC-0824
825,178,7,2025-11-21,73,TRC-0825
826,177,2,2025-10-11,61,TRC-0826
827,225,10,2025-05-10,60,TRC-0827
828,25,1,2024-06-17,138,TRC-0828
829,142,11,2024-06-15,21,TRC-0829
830,524,5,2025-10-27,109,TRC-0830
831,495,2,2025-06-10,113,TRC-0831
832,476,11,2025-02-22,117,TRC-0832
833,304,6,2024-12-06,126,TRC-0833
834,87,2,2026-04-13,122,TRC-0834
835,451,11,2025-12-30,122,TRC-0835
836,410,6,2025-04-07,141,TRC-0836
837,411,5,2025-06-28,143,TRC-0837
838,362,3,2024-08-10,22,TRC-0838
839,144,10,2025-11-19,131,TRC-0839
840,329,3,2025-01-28,38,TRC-0840
841,64,5,2024-05-18,146,TRC-0841
842,514,8,2026-03-03,56,TRC-0842
843,307,5,2024-07-23,56,TRC-0843
844,442,2,2026-04-11,112,TRC-0844
845,175,10,2025-09-25,139,TRC-0845
846,443,11,2025-09-12,90,TRC-0846
847,390,8,2024-09-18,55,TRC-0847
848,443,4,2025-10-29,29,TRC-0848
849,90,5,2025-01-28,83,TRC-0849
850,92,9,2024-09-21,68,TRC-0850
851,21,2,2025-01-21,47,TRC-0851
852,270,11,2025-04-10,25,TRC-0852
853,258,9,2026-02-17,102,TRC-0853
854,511,6,2025-02-21,115,TRC-0854
855,365,3,2026-05-19,120,TRC-0855
856,77,5,2025-07-29,69,TRC-0856
857,469,5,2025-04-06,108,TRC-0857
858,217,6,2024-07-11,38,TRC-0858
859,205,11,2024-10-01,148,TRC-0859
860,248,6,2026-02-08,109,TRC-0860
861,443,4,2025-09-27,72,TRC-0861
862,448,11,2025-10-19,84,TRC-0862
863,145,6,2024-12-02,119,TRC-0863
864,114,7,2024-09-23,53,TRC-0864
865,314,11,2024-08-29,140,TRC-0865
866,201,7,2024-07-27,92,TRC-0866
867,371,2,2026-03-31,144,TRC-0867
868,445,8,2025-04-09,32,TRC-0868
869,135,11,2026-02-05,146,TRC-0869
870,60,11,2025-05-07,100,TRC-0870
871,193,9,2025-10-11,136,TRC-0871
872,132,2,2025-02-12,113,TRC-0872
873,43,11,2026-05-28,90,TRC-0873
874,176,5,2025-11-25,89,TRC-0874
875,155,1,2026-04-27,44,TRC-0875
876,436,7,2026-02-22,75,TRC-0876
877,218,11,2026-04-11,110,TRC-0877
878,160,5,2025-12-08,68,TRC-0878
879,132,6,2024-08-26,81,TRC-0879
880,15,4,2025-02-09,33,TRC-0880
881,321,10,2025-01-15,92,TRC-0881
882,164,1,2024-12-16,56,TRC-0882
883,305,4,2026-05-19,108,TRC-0883
884,287,6,2025-11-07,23,TRC-0884
885,189,9,2024-10-04,33,TRC-0885
886,144,5,2025-06-13,89,TRC-0886
887,208,2,2025-09-26,26,TRC-0887
888,496,2,2025-10-30,64,TRC-0888
889,248,3,2026-04-07,145,TRC-0889
890,502,7,2025-01-01,110,TRC-0890
891,452,7,2025-02-17,36,TRC-0891
892,455,6,2024-09-23,141,TRC-0892
893,329,5,2025-09-29,47,TRC-0893
894,100,3,2024-07-24,119,TRC-0894
895,109,6,2026-02-24,83,TRC-0895
896,131,10,2026-01-15,88,TRC-0896
897,53,3,2026-02-16,37,TRC-0897
898,101,4,2026-03-24,85,TRC-0898
899,52,7,2025-10-07,60,TRC-0899
900,339,9,2025-11-13,66,TRC-0900
901,485,4,2026-01-25,75,TRC-0901
902,45,4,2025-12-23,135,TRC-0902
903,113,3,2025-04-11,133,TRC-0903
904,249,10,2026-04-02,112,TRC-0904
905,90,5,2026-01-17,66,TRC-0905
906,432,11,2025-05-08,67,TRC-0906
907,401,11,2025-01-18,103,TRC-0907
908,4,5,2025-04-02,84,TRC-0908
909,258,4,2026-04-24,120,TRC-0909
910,258,4,2024-09-25,61,TRC-0910
911,96,5,2025-08-07,57,TRC-0911
912,58,8,2025-12-21,58,TRC-0912
913,408,9,2025-09-07,81,TRC-0913
914,473,9,2025-03-15,32,TRC-0914
915,328,11,2026-02-02,143,TRC-0915
916,224,4,2024-07-01,115,TRC-0916
917,15,1,2024-08-06,31,TRC-0917
918,217,11,2024-07-09,55,TRC-0918
919,435,11,2025-03-18,141,TRC-0919
920,291,7,2026-06-04,114,TRC-0920
921,491,3,2026-05-16,99,TRC-0921
922,248,5,2025-05-05,90,TRC-0922
923,226,3,2024-07-28,93,TRC-0923
924,424,9,2024-07-07,92,TRC-0924
925,304,7,2026-04-09,71,TRC-0925
926,477,6,2024-12-11,146,TRC-0926
927,70,9,2025-05-13,113,TRC-0927
928,406,10,2025-04-30,118,TRC-0928
929,370,10,2025-04-10,124,TRC-0929
930,13,1,2026-02-18,78,TRC-0930
931,323,3,2025-01-06,66,TRC-0931
932,263,11,2025-01-14,55,TRC-0932
933,164,3,2025-04-02,52,TRC-0933
934,272,6,2025-08-05,110,TRC-0934
935,378,4,2025-03-15,136,TRC-0935
936,497,7,2026-02-03,125,TRC-0936
937,72,5,2024-10-15,56,TRC-0937
938,220,1,2025-04-01,67,TRC-0938
939,80,4,2025-11-04,144,TRC-0939
940,147,2,2026-05-17,24,TRC-0940
941,153,5,2026-05-17,68,TRC-0941
942,379,1,2025-08-14,42,TRC-0942
943,404,3,2025-11-01,86,TRC-0943
944,443,11,2025-02-25,104,TRC-0944
945,56,9,2025-05-07,139,TRC-0945
946,511,7,2024-10-05,137,TRC-0946
947,449,9,2025-12-12,59,TRC-0947
948,409,7,2025-01-27,120,TRC-0948
949,317,9,2026-04-03,76,TRC-0949
950,317,4,2025-06-25,124,TRC-0950
951,365,1,2025-08-08,103,TRC-0951
952,186,6,2024-09-12,129,TRC-0952
953,489,3,2025-09-09,116,TRC-0953
954,150,4,2025-10-23,56,TRC-0954
955,163,8,2026-02-19,82,TRC-0955
956,170,8,2025-08-18,34,TRC-0956
957,182,4,2025-04-27,81,TRC-0957
958,441,7,2025-09-18,121,TRC-0958
959,362,2,2026-01-01,96,TRC-0959
960,50,7,2025-07-31,121,TRC-0960
961,396,9,2025-08-02,140,TRC-0961
962,257,10,2025-08-30,85,TRC-0962
963,369,2,2025-07-17,129,TRC-0963
964,89,4,2026-01-30,96,TRC-0964
965,234,11,2025-11-04,80,TRC-0965
966,254,9,2025-09-27,27,TRC-0966
967,196,5,2025-04-04,140,TRC-0967
968,70,3,2024-08-03,72,TRC-0968
969,254,11,2024-05-07,20,TRC-0969
970,164,1,2025-02-07,39,TRC-0970
971,99,9,2025-04-22,113,TRC-0971
972,7,11,2025-09-13,59,TRC-0972
973,102,6,2024-06-23,58,TRC-0973
974,200,4,2025-03-31,121,TRC-0974
975,299,1,2026-01-07,65,TRC-0975
976,497,1,2024-11-27,66,TRC-0976
977,437,8,2025-05-20,67,TRC-0977
978,188,10,2024-09-19,109,TRC-0978
979,101,11,2024-10-04,136,TRC-0979
980,409,10,2026-02-22,23,TRC-0980
981,108,11,2026-03-24,40,TRC-0981
982,351,4,2025-05-13,64,TRC-0982
983,245,5,2025-06-07,75,TRC-0983
984,117,6,2025-11-19,38,TRC-0984
985,505,5,2025-05-06,131,TRC-0985
986,477,11,2026-02-06,34,TRC-0986
987,137,8,2024-09-22,56,TRC-0987
988,261,1,2026-04-22,31,TRC-0988
989,10,9,2024-09-29,71,TRC-0989
990,117,3,2026-05-20,72,TRC-0990
991,390,11,2025-07-31,23,TRC-0991
992,220,3,2025-04-03,87,TRC-0992
993,240,3,2026-05-27,109,TRC-0993
994,394,3,2024-11-18,112,TRC-0994
995,168,2,2024-05-20,76,TRC-0995
996,448,8,2025-04-03,108,TRC-0996
997,221,3,2025-01-22,118,TRC-0997
998,104,2,2024-04-30,122,TRC-0998
999,114,2,2026-06-07,130,TRC-0999
1000,422,3,2024-07-26,21,TRC-1000
1001,99,6,2026-02-14,68,TRC-1001
1002,263,3,2026-02-01,130,TRC-1002
1003,17,3,2026-05-30,63,TRC-1003
1004,307,2,2025-09-28,143,TRC-1004
1005,24,5,2025-10-05,23,TRC-1005
1006,80,10,2024-11-21,91,TRC-1006
1007,351,1,2025-04-22,134,TRC-1007
1008,3,9,2025-09-01,86,TRC-1008
1009,168,9,2025-08-17,94,TRC-1009
1010,458,1,2025-08-05,79,TRC-1010
1011,257,7,2025-06-15,135,TRC-1011
1012,8,9,2025-03-31,78,TRC-1012
1013,403,5,2025-12-19,95,TRC-1013
1014,523,4,2025-09-24,102,TRC-1014
1015,87,8,2026-02-12,61,TRC-1015
1016,466,11,2025-01-29,133,TRC-1016
1017,192,10,2025-01-13,26,TRC-1017
1018,242,3,2025-08-13,22,TRC-1018
1019,93,3,2024-11-19,36,TRC-1019
1020,29,7,2025-09-28,70,TRC-1020
1021,32,2,2024-12-01,30,TRC-1021
1022,184,5,2026-04-16,30,TRC-1022
1023,66,2,2026-02-17,140,TRC-1023
1024,80,2,2025-11-11,137,TRC-1024
1025,279,9,2025-11-06,110,TRC-1025
1026,447,9,2025-09-03,123,TRC-1026
1027,168,5,2024-06-04,34,TRC-1027
1028,26,5,2025-08-03,96,TRC-1028
1029,124,10,2026-02-15,35,TRC-1029
1030,281,6,2026-01-08,124,TRC-1030
1031,476,8,2024-08-04,126,TRC-1031
1032,347,3,2024-11-03,88,TRC-1032
1033,99,8,2025-03-23,29,TRC-1033
1034,461,7,2025-08-13,98,TRC-1034
1035,495,8,2025-01-08,30,TRC-1035
1036,211,9,2026-02-28,21,TRC-1036
1037,236,5,2024-10-13,135,TRC-1037
1038,451,8,2024-12-13,54,TRC-1038
1039,153,1,2025-08-30,110,TRC-1039
1040,275,9,2024-11-06,141,TRC-1040
1041,515,8,2026-04-07,64,TRC-1041
1042,195,4,2026-02-10,106,TRC-1042
1043,168,5,2025-11-04,27,TRC-1043
1044,516,7,2025-01-20,128,TRC-1044
1045,316,7,2025-07-01,93,TRC-1045
1046,139,11,2025-11-26,136,TRC-1046
1047,239,6,2024-09-30,120,TRC-1047
1048,246,10,2026-05-14,39,TRC-1048
1049,415,3,2025-08-21,59,TRC-1049
1050,342,4,2025-10-26,80,TRC-1050
1051,400,11,2026-06-01,60,TRC-1051
1052,421,7,2025-10-07,69,TRC-1052
1053,61,2,2025-01-30,87,TRC-1053
1054,384,7,2026-05-16,70,TRC-1054
1055,182,7,2024-08-30,74,TRC-1055
1056,430,3,2026-02-14,75,TRC-1056
1057,471,1,2024-06-08,92,TRC-1057
1058,373,6,2025-07-20,50,TRC-1058
1059,278,5,2025-09-12,57,TRC-1059
1060,108,8,2025-05-08,106,TRC-1060
1061,272,5,2024-10-10,105,TRC-1061
1062,171,2,2024-10-05,96,TRC-1062
1063,388,4,2026-02-13,149,TRC-1063
1064,77,3,2025-02-21,48,TRC-1064
1065,280,8,2024-06-18,64,TRC-1065
1066,296,3,2024-10-14,148,TRC-1066
1067,260,8,2025-01-29,72,TRC-1067
1068,508,6,2025-08-30,50,TRC-1068
1069,3,1,2026-01-03,138,TRC-1069
1070,268,6,2024-09-19,39,TRC-1070
1071,492,10,2025-09-26,65,TRC-1071
1072,348,8,2025-04-09,63,TRC-1072
1073,202,2,2024-11-25,26,TRC-1073
1074,144,5,2025-09-14,123,TRC-1074
1075,490,9,2025-05-22,118,TRC-1075
1076,211,1,2025-07-29,38,TRC-1076
1077,14,7,2024-08-26,127,TRC-1077
1078,28,7,2025-04-03,125,TRC-1078
1079,317,10,2025-01-18,46,TRC-1079
1080,503,10,2024-10-19,29,TRC-1080
1081,10,7,2025-08-04,39,TRC-1081
1082,86,6,2025-02-28,22,TRC-1082
1083,169,6,2025-05-06,20,TRC-1083
1084,84,7,2026-04-14,31,TRC-1084
1085,54,3,2025-05-23,143,TRC-1085
1086,426,9,2025-09-08,78,TRC-1086
1087,177,1,2026-05-16,120,TRC-1087
1088,303,3,2024-11-29,115,TRC-1088
1089,405,7,2025-12-07,135,TRC-1089
1090,168,1,2025-08-10,35,TRC-1090
1091,87,5,2024-11-29,89,TRC-1091
1092,402,1,2025-05-11,141,TRC-1092
1093,174,4,2025-06-29,128,TRC-1093
1094,378,3,2024-11-30,102,TRC-1094
1095,332,11,2025-11-11,140,TRC-1095
1096,502,10,2025-07-08,148,TRC-1096
1097,236,1,2025-08-08,107,TRC-1097
1098,490,10,2025-04-13,140,TRC-1098
1099,455,7,2026-04-17,24,TRC-1099
1100,103,1,2024-11-02,114,TRC-1100
1101,280,11,2024-08-15,46,TRC-1101
1102,288,4,2024-05-19,34,TRC-1102
1103,445,1,2024-08-21,54,TRC-1103
1104,420,10,2024-08-11,118,TRC-1104
1105,430,4,2024-11-25,111,TRC-1105
1106,403,1,2025-04-27,144,TRC-1106
1107,176,2,2025-05-09,34,TRC-1107
1108,298,3,2025-04-10,119,TRC-1108
1109,389,5,2025-09-02,93,TRC-1109
1110,24,3,2025-08-01,91,TRC-1110
1111,301,1,2025-07-02,148,TRC-1111
1112,240,6,2024-12-20,123,TRC-1112
1113,345,3,2024-07-04,90,TRC-1113
1114,465,10,2025-05-26,104,TRC-1114
1115,428,11,2025-05-03,112,TRC-1115
1116,229,8,2025-09-03,84,TRC-1116
1117,339,2,2025-04-28,63,TRC-1117
1118,298,7,2025-08-04,137,TRC-1118
1119,504,6,2024-08-21,63,TRC-1119
1120,180,10,2026-01-10,90,TRC-1120
1121,166,4,2024-07-23,121,TRC-1121
1122,55,3,2025-06-11,35,TRC-1122
1123,348,5,2024-11-25,29,TRC-1123
1124,61,9,2024-09-21,87,TRC-1124
1125,85,3,2026-03-10,92,TRC-1125
1126,328,8,2026-04-14,101,TRC-1126
1127,349,2,2025-08-14,71,TRC-1127
1128,254,6,2024-08-09,61,TRC-1128
1129,73,5,2024-12-01,53,TRC-1129
1130,23,5,2026-03-31,35,TRC-1130
1131,145,1,2024-09-27,121,TRC-1131
1132,270,7,2025-01-29,39,TRC-1132
1133,511,9,2025-03-14,146,TRC-1133
1134,148,9,2025-05-03,65,TRC-1134
1135,194,11,2024-08-06,75,TRC-1135
1136,294,2,2026-01-26,36,TRC-1136
1137,394,1,2024-07-04,82,TRC-1137
1138,63,9,2026-02-08,115,TRC-1138
1139,89,9,2026-05-03,97,TRC-1139
1140,441,1,2025-01-18,66,TRC-1140
1141,204,2,2025-11-28,76,TRC-1141
1142,50,3,2024-11-25,37,TRC-1142
1143,247,7,2025-10-27,144,TRC-1143
1144,469,8,2026-05-22,136,TRC-1144
1145,351,8,2026-01-05,116,TRC-1145
1146,357,5,2025-01-28,104,TRC-1146
1147,257,9,2024-07-25,48,TRC-1147
1148,207,6,2024-11-24,48,TRC-1148
1149,144,7,2025-04-23,72,TRC-1149
1150,211,4,2026-01-15,32,TRC-1150
1151,256,4,2024-09-21,41,TRC-1151
1152,72,5,2025-10-19,100,TRC-1152
1153,476,1,2026-02-12,56,TRC-1153
1154,18,7,2024-12-10,55,TRC-1154
1155,395,8,2026-03-05,92,TRC-1155
1156,127,5,2024-07-06,98,TRC-1156
1157,448,3,2026-02-02,47,TRC-1157
1158,251,5,2024-07-29,54,TRC-1158
1159,465,4,2025-01-29,33,TRC-1159
1160,289,1,2025-03-12,131,TRC-1160
1161,173,6,2026-02-19,62,TRC-1161
1162,235,6,2025-04-08,149,TRC-1162
1163,474,2,2026-05-02,61,TRC-1163
1164,186,9,2025-05-08,87,TRC-1164
1165,308,10,2025-05-16,111,TRC-1165
1166,342,10,2025-05-25,37,TRC-1166
1167,404,11,2025-07-21,95,TRC-1167
1168,258,6,2025-04-23,56,TRC-1168
1169,7,1,2024-09-30,86,TRC-1169
1170,174,5,2025-04-14,59,TRC-1170
1171,375,6,2025-11-29,85,TRC-1171
1172,71,9,2024-04-30,140,TRC-1172
1173,355,1,2026-02-02,51,TRC-1173
1174,463,1,2025-07-31,78,TRC-1174
1175,147,11,2025-02-17,107,TRC-1175
1176,516,1,2025-07-20,34,TRC-1176
1177,473,8,2025-12-26,28,TRC-1177
1178,277,7,2024-07-25,30,TRC-1178
1179,424,2,2024-09-22,76,TRC-1179
1180,500,10,2025-04-17,52,TRC-1180
1181,275,6,2026-01-30,143,TRC-1181
1182,500,6,2026-01-26,93,TRC-1182
1183,207,3,2026-02-17,122,TRC-1183
1184,347,2,2025-01-06,110,TRC-1184
1185,401,9,2024-05-19,150,TRC-1185
1186,368,8,2025-12-26,48,TRC-1186
1187,426,11,2024-11-25,126,TRC-1187
1188,425,9,2026-02-18,97,TRC-1188
1189,246,7,2026-04-13,81,TRC-1189
1190,418,11,2025-08-02,23,TRC-1190
1191,380,6,2025-05-07,50,TRC-1191
1192,74,4,2026-05-16,73,TRC-1192
1193,193,3,2024-08-15,53,TRC-1193
1194,77,9,2025-08-22,58,TRC-1194
1195,414,2,2024-07-07,52,TRC-1195
1196,440,10,2025-05-21,135,TRC-1196
1197,398,10,2026-06-09,144,TRC-1197
1198,494,10,2025-08-20,149,TRC-1198
1199,88,10,2026-01-27,128,TRC-1199
1200,356,3,2024-11-17,146,TRC-1200
1201,210,7,2024-08-24,66,TRC-1201
1202,81,7,2025-09-18,84,TRC-1202
1203,5,2,2026-05-18,54,TRC-1203
1204,416,10,2024-11-14,22,TRC-1204
1205,400,4,2024-08-03,47,TRC-1205
1206,515,7,2026-02-14,82,TRC-1206
1207,372,11,2025-08-31,108,TRC-1207
1208,5,7,2026-01-07,58,TRC-1208
1209,13,7,2026-05-16,68,TRC-1209
1210,482,4,2024-08-29,110,TRC-1210
1211,383,7,2024-05-20,94,TRC-1211
1212,317,2,2026-04-20,20,TRC-1212
1213,37,4,2025-04-17,60,TRC-1213
1214,19,4,2024-11-01,52,TRC-1214
1215,179,8,2025-04-13,97,TRC-1215
1216,333,3,2024-10-28,78,TRC-1216
1217,83,2,2025-05-04,58,TRC-1217
1218,4,11,2024-05-22,129,TRC-1218
1219,423,3,2026-01-28,37,TRC-1219
1220,66,2,2024-08-12,44,TRC-1220
1221,81,8,2025-07-12,144,TRC-1221
1222,401,7,2024-10-11,118,TRC-1222
1223,402,11,2024-11-01,97,TRC-1223
1224,520,2,2025-03-08,83,TRC-1224
1225,335,10,2025-02-17,91,TRC-1225
1226,198,4,2026-02-12,145,TRC-1226
1227,285,1,2025-11-02,77,TRC-1227
1228,224,6,2024-05-18,70,TRC-1228
1229,160,5,2025-04-26,107,TRC-1229
1230,338,7,2025-01-26,135,TRC-1230
1231,351,1,2026-04-26,83,TRC-1231
1232,413,9,2025-12-27,136,TRC-1232
1233,69,3,2024-09-25,121,TRC-1233
1234,291,10,2026-01-22,94,TRC-1234
1235,365,3,2025-03-01,149,TRC-1235
1236,515,3,2024-09-29,21,TRC-1236
1237,124,5,2025-04-14,139,TRC-1237
1238,424,5,2025-02-03,42,TRC-1238
1239,87,7,2025-02-01,110,TRC-1239
1240,355,3,2025-01-04,150,TRC-1240
1241,397,2,2026-04-13,103,TRC-1241
1242,25,3,2024-08-29,98,TRC-1242
1243,304,4,2025-09-18,85,TRC-1243
1244,492,7,2024-08-05,121,TRC-1244
1245,448,6,2025-05-01,107,TRC-1245
1246,93,6,2025-11-19,108,TRC-1246
1247,528,4,2026-01-04,56,TRC-1247
1248,374,10,2026-04-20,68,TRC-1248
1249,120,10,2024-11-23,92,TRC-1249
1250,471,1,2026-01-26,126,TRC-1250
1251,336,11,2024-11-24,78,TRC-1251
1252,505,9,2026-02-14,30,TRC-1252
1253,1,11,2024-09-23,55,TRC-1253
1254,220,9,2026-03-22,45,TRC-1254
1255,12,10,2024-06-05,129,TRC-1255
1256,439,4,2025-01-27,133,TRC-1256
1257,205,11,2025-07-04,133,TRC-1257
1258,257,9,2025-06-26,77,TRC-1258
1259,431,8,2025-11-27,20,TRC-1259
1260,3,6,2025-03-31,123,TRC-1260
1261,294,4,2025-08-11,124,TRC-1261
1262,35,6,2025-01-11,86,TRC-1262
1263,207,10,2026-02-24,82,TRC-1263
1264,258,10,2026-05-25,21,TRC-1264
1265,436,9,2025-05-02,146,TRC-1265
1266,363,9,2024-06-14,148,TRC-1266
1267,128,1,2025-04-05,61,TRC-1267
1268,97,3,2024-11-23,65,TRC-1268
1269,131,6,2026-03-11,89,TRC-1269
1270,50,11,2024-07-30,28,TRC-1270
1271,53,5,2026-02-20,23,TRC-1271
1272,396,2,2026-02-09,100,TRC-1272
1273,42,1,2025-09-24,38,TRC-1273
1274,462,4,2024-09-18,149,TRC-1274
1275,402,8,2024-08-02,79,TRC-1275
1276,290,4,2025-04-30,122,TRC-1276
1277,34,9,2025-09-13,90,TRC-1277
1278,110,10,2026-01-04,101,TRC-1278
1279,70,9,2024-07-09,76,TRC-1279
1280,206,1,2026-04-09,109,TRC-1280
1281,260,11,2025-12-03,64,TRC-1281
1282,107,2,2025-04-02,30,TRC-1282
1283,308,1,2024-12-05,95,TRC-1283
1284,290,2,2026-04-20,66,TRC-1284
1285,460,10,2025-04-15,29,TRC-1285
1286,253,9,2025-02-13,134,TRC-1286
1287,399,7,2025-08-05,29,TRC-1287
1288,328,2,2025-09-19,71,TRC-1288
1289,218,10,2025-12-25,140,TRC-1289
1290,473,5,2024-08-14,94,TRC-1290
1291,103,9,2024-06-03,70,TRC-1291
1292,165,10,2025-05-31,72,TRC-1292
1293,185,7,2025-07-25,117,TRC-1293
1294,171,1,2025-01-19,140,TRC-1294
1295,317,9,2024-06-17,40,TRC-1295
1296,228,4,2025-08-05,46,TRC-1296
1297,522,7,2025-11-13,34,TRC-1297
1298,460,7,2025-05-05,135,TRC-1298
1299,140,11,2024-05-01,54,TRC-1299
1300,61,3,2025-04-09,133,TRC-1300
1301,277,1,2024-08-05,111,TRC-1301
1302,191,4,2025-09-22,23,TRC-1302
1303,14,7,2025-04-08,132,TRC-1303
1304,494,2,2025-01-12,63,TRC-1304
1305,484,11,2025-03-02,64,TRC-1305
1306,350,8,2024-07-07,36,TRC-1306
1307,289,10,2025-05-02,126,TRC-1307
1308,373,2,2025-12-13,99,TRC-1308
1309,464,6,2024-09-21,65,TRC-1309
1310,308,5,2025-10-18,57,TRC-1310
1311,430,11,2025-08-29,32,TRC-1311
1312,375,2,2026-03-24,46,TRC-1312
1313,444,8,2025-04-07,83,TRC-1313
1314,353,2,2025-09-12,101,TRC-1314
1315,294,7,2024-07-08,146,TRC-1315
1316,62,11,2025-12-05,125,TRC-1316
1317,208,9,2025-06-26,73,TRC-1317
1318,229,5,2024-12-04,131,TRC-1318
1319,182,8,2026-01-24,101,TRC-1319
1320,53,4,2025-05-01,96,TRC-1320
1321,208,4,2026-02-18,72,TRC-1321
1322,308,10,2024-11-28,112,TRC-1322
1323,329,8,2026-02-23,33,TRC-1323
1324,325,6,2025-03-21,140,TRC-1324
1325,197,9,2026-05-21,21,TRC-1325
1326,276,11,2026-02-07,57,TRC-1326
1327,387,2,2025-07-19,119,TRC-1327
1328,387,10,2025-03-16,138,TRC-1328
1329,428,3,2025-01-25,75,TRC-1329
1330,215,11,2024-10-29,108,TRC-1330
1331,455,3,2024-08-01,125,TRC-1331
1332,194,2,2025-01-21,59,TRC-1332
1333,288,2,2026-02-18,64,TRC-1333
1334,523,1,2025-06-24,120,TRC-1334
1335,247,11,2024-07-23,84,TRC-1335
1336,370,5,2025-01-06,107,TRC-1336
1337,66,9,2025-03-27,62,TRC-1337
1338,245,2,2025-08-01,86,TRC-1338
1339,238,6,2025-04-14,122,TRC-1339
1340,208,3,2025-09-24,149,TRC-1340
1341,487,4,2024-12-01,103,TRC-1341
1342,10,5,2025-01-21,134,TRC-1342
1343,454,2,2025-10-19,129,TRC-1343
1344,448,11,2025-09-22,55,TRC-1344
1345,152,6,2025-01-10,35,TRC-1345
1346,418,9,2026-04-27,100,TRC-1346
1347,216,5,2025-08-03,132,TRC-1347
1348,180,4,2025-07-30,25,TRC-1348
1349,450,3,2025-08-04,94,TRC-1349
1350,219,7,2025-01-17,73,TRC-1350
1351,208,4,2025-11-12,24,TRC-1351
1352,43,2,2025-12-07,140,TRC-1352
1353,156,9,2026-01-09,23,TRC-1353
1354,415,5,2026-04-05,32,TRC-1354
1355,512,5,2024-11-21,40,TRC-1355
1356,246,5,2026-02-11,76,TRC-1356
1357,98,1,2024-09-21,45,TRC-1357
1358,241,7,2025-08-04,130,TRC-1358
1359,281,6,2026-02-11,101,TRC-1359
1360,298,1,2025-09-10,104,TRC-1360
1361,388,3,2025-01-29,61,TRC-1361
1362,107,11,2025-11-20,20,TRC-1362
1363,438,2,2024-09-26,29,TRC-1363
1364,45,11,2024-08-07,35,TRC-1364
1365,7,5,2026-01-06,127,TRC-1365
1366,453,5,2024-10-02,105,TRC-1366
1367,109,7,2024-08-10,54,TRC-1367
1368,75,1,2026-06-05,126,TRC-1368
1369,295,6,2025-04-09,140,TRC-1369
1370,78,7,2025-08-08,109,TRC-1370
1371,281,3,2025-10-08,74,TRC-1371
1372,273,5,2024-06-08,23,TRC-1372
1373,70,11,2025-03-31,23,TRC-1373
1374,384,1,2025-07-20,63,TRC-1374
1375,355,11,2025-09-22,27,TRC-1375
1376,456,2,2024-12-01,84,TRC-1376
1377,228,11,2025-03-23,70,TRC-1377
1378,83,5,2025-04-05,136,TRC-1378
1379,262,2,2024-05-24,63,TRC-1379
1380,183,3,2025-09-04,21,TRC-1380
1381,74,6,2025-09-21,66,TRC-1381
1382,363,3,2025-04-07,48,TRC-1382
1383,4,2,2025-01-04,60,TRC-1383
1384,441,3,2026-05-04,105,TRC-1384
1385,59,8,2024-10-16,78,TRC-1385
1386,65,4,2025-05-11,95,TRC-1386
1387,253,3,2025-01-18,113,TRC-1387
1388,499,5,2024-10-13,121,TRC-1388
1389,236,9,2025-09-12,92,TRC-1389
1390,238,8,2026-01-20,120,TRC-1390
1391,216,10,2025-10-15,88,TRC-1391
1392,365,9,2026-05-23,24,TRC-1392
1393,27,9,2025-04-23,125,TRC-1393
1394,295,9,2026-01-25,125,TRC-1394
1395,48,9,2025-01-28,101,TRC-1395
1396,59,5,2024-06-03,150,TRC-1396
1397,343,10,2024-07-23,27,TRC-1397
1398,129,4,2026-01-11,139,TRC-1398
1399,108,1,2026-01-26,33,TRC-1399
1400,296,5,2024-11-14,140,TRC-1400
1401,110,2,2025-09-13,140,TRC-1401
1402,258,1,2026-01-14,27,TRC-1402
1403,366,7,2026-05-16,149,TRC-1403
1404,406,6,2025-01-20,144,TRC-1404
1405,301,5,2026-04-18,116,TRC-1405
1406,6,8,2025-12-18,54,TRC-1406
1407,388,1,2025-01-05,94,TRC-1407
1408,107,3,2024-09-17,21,TRC-1408
1409,2,4,2024-07-09,131,TRC-1409
1410,158,6,2026-05-29,53,TRC-1410
1411,314,4,2026-01-26,83,TRC-1411
1412,412,1,2026-05-01,55,TRC-1412
1413,337,8,2025-01-29,132,TRC-1413
1414,441,7,2024-07-03,94,TRC-1414
1415,102,7,2024-08-23,70,TRC-1415
1416,72,8,2026-01-04,100,TRC-1416
1417,69,4,2026-01-05,106,TRC-1417
1418,395,5,2025-09-29,60,TRC-1418
1419,226,1,2024-11-20,73,TRC-1419
1420,376,3,2024-10-23,121,TRC-1420
1421,355,4,2025-05-13,66,TRC-1421
1422,298,1,2024-07-21,43,TRC-1422
1423,501,5,2025-05-11,136,TRC-1423
1424,502,4,2024-12-10,135,TRC-1424
1425,283,10,2025-05-07,30,TRC-1425
1426,70,10,2026-05-02,99,TRC-1426
1427,345,10,2026-05-06,142,TRC-1427
1428,395,2,2025-05-03,28,TRC-1428
1429,22,6,2026-05-16,140,TRC-1429
1430,99,1,2025-10-20,25,TRC-1430
1431,509,6,2025-12-02,129,TRC-1431
1432,33,8,2025-05-01,61,TRC-1432
1433,519,8,2025-08-01,136,TRC-1433
1434,104,7,2024-12-01,101,TRC-1434
1435,186,4,2025-12-16,125,TRC-1435
1436,72,2,2026-05-16,28,TRC-1436
1437,340,8,2024-08-31,127,TRC-1437
1438,149,7,2025-04-27,103,TRC-1438
1439,69,9,2025-12-11,56,TRC-1439
1440,503,9,2025-08-07,150,TRC-1440
1441,265,10,2025-02-15,36,TRC-1441
1442,300,2,2025-12-12,109,TRC-1442
1443,198,8,2024-08-14,78,TRC-1443
1444,220,8,2024-09-22,126,TRC-1444
1445,329,6,2025-05-09,123,TRC-1445
1446,505,2,2024-04-30,131,TRC-1446
1447,98,5,2024-08-29,98,TRC-1447
1448,61,5,2025-07-18,29,TRC-1448
1449,421,1,2025-08-10,58,TRC-1449
1450,53,7,2025-01-19,99,TRC-1450
1451,498,3,2025-09-26,125,TRC-1451
1452,516,11,2024-10-04,104,TRC-1452
1453,465,4,2025-10-25,88,TRC-1453
1454,498,10,2025-10-11,58,TRC-1454
1455,492,4,2025-05-01,125,TRC-1455
1456,283,8,2025-06-02,113,TRC-1456
1457,250,11,2025-06-29,143,TRC-1457
1458,331,4,2024-06-03,56,TRC-1458
1459,57,7,2025-10-20,146,TRC-1459
1460,332,4,2024-07-03,122,TRC-1460
1461,487,5,2025-07-19,77,TRC-1461
1462,63,3,2024-06-02,109,TRC-1462
1463,48,5,2026-03-25,50,TRC-1463
1464,419,11,2026-05-13,121,TRC-1464
1465,361,3,2025-01-17,142,TRC-1465
1466,114,3,2025-07-21,134,TRC-1466
1467,450,7,2024-07-19,74,TRC-1467
1468,421,5,2025-08-04,65,TRC-1468
1469,25,5,2026-02-10,73,TRC-1469
1470,104,8,2025-06-15,124,TRC-1470
1471,139,3,2025-06-09,132,TRC-1471
1472,357,5,2024-09-20,83,TRC-1472
1473,238,10,2025-02-27,37,TRC-1473
1474,317,7,2025-03-21,89,TRC-1474
1475,344,7,2024-11-12,33,TRC-1475
1476,479,9,2026-05-17,60,TRC-1476
1477,447,10,2025-07-21,25,TRC-1477
1478,328,6,2026-02-18,28,TRC-1478
1479,67,4,2024-07-24,85,TRC-1479
1480,483,4,2024-10-17,43,TRC-1480
1481,57,7,2024-09-20,118,TRC-1481
1482,416,6,2025-02-24,93,TRC-1482
1483,240,11,2025-09-27,65,TRC-1483
1484,117,7,2025-04-30,91,TRC-1484
1485,230,3,2025-08-11,148,TRC-1485
1486,478,9,2026-03-30,23,TRC-1486
1487,70,4,2024-05-08,28,TRC-1487
1488,230,3,2024-12-17,49,TRC-1488
1489,455,9,2025-06-28,118,TRC-1489
1490,341,6,2025-06-26,54,TRC-1490
1491,323,2,2026-01-25,27,TRC-1491
1492,357,11,2024-12-29,113,TRC-1492
1493,373,3,2025-09-21,115,TRC-1493
1494,409,9,2025-05-07,146,TRC-1494
1495,95,3,2024-09-25,68,TRC-1495
1496,445,11,2025-02-22,64,TRC-1496
1497,407,10,2025-08-01,58,TRC-1497
1498,322,7,2025-03-26,26,TRC-1498
1499,192,6,2024-09-24,108,TRC-1499
1500,90,8,2025-08-12,134,TRC-1500
1501,206,8,2026-01-04,84,TRC-1501
1502,69,3,2024-08-12,136,TRC-1502
1503,258,6,2025-05-02,25,TRC-1503
1504,505,7,2024-12-21,60,TRC-1504
1505,276,7,2025-04-05,42,TRC-1505
1506,386,2,2025-09-25,101,TRC-1506
1507,344,4,2025-11-05,58,TRC-1507
1508,268,8,2024-10-27,30,TRC-1508
1509,3,2,2025-11-13,89,TRC-1509
1510,454,2,2025-04-25,89,TRC-1510
1511,258,4,2026-04-12,134,TRC-1511
1512,123,3,2025-05-13,122,TRC-1512
1513,500,10,2024-11-18,83,TRC-1513
1514,19,6,2025-07-25,23,TRC-1514
1515,43,9,2026-01-28,50,TRC-1515
1516,198,4,2026-06-19,92,TRC-1516
1517,35,9,2025-04-03,48,TRC-1517
1518,386,4,2026-01-02,107,TRC-1518
1519,39,11,2025-03-30,67,TRC-1519
1520,71,2,2024-07-04,125,TRC-1520
1521,311,7,2025-11-13,25,TRC-1521
1522,165,5,2026-03-26,130,TRC-1522
1523,265,3,2025-07-31,149,TRC-1523
1524,356,10,2024-05-22,68,TRC-1524
1525,53,8,2025-09-23,88,TRC-1525
1526,270,10,2025-05-03,102,TRC-1526
1527,399,1,2025-04-24,58,TRC-1527
1528,230,2,2025-07-17,86,TRC-1528
1529,428,11,2025-06-27,110,TRC-1529
1530,430,7,2024-07-23,110,TRC-1530
1531,99,4,2024-05-21,25,TRC-1531
1532,354,1,2025-12-01,97,TRC-1532
1533,406,5,2025-04-17,45,TRC-1533
1534,361,1,2025-08-18,118,TRC-1534
1535,331,4,2025-02-02,53,TRC-1535
1536,24,8,2025-10-14,57,TRC-1536
1537,501,7,2025-03-14,85,TRC-1537
1538,424,2,2024-10-20,75,TRC-1538
1539,502,5,2026-04-21,102,TRC-1539
1540,517,1,2025-09-22,102,TRC-1540
1541,252,5,2024-12-14,29,TRC-1541
1542,278,11,2025-01-04,91,TRC-1542
1543,528,9,2024-11-01,110,TRC-1543
1544,177,1,2025-11-13,130,TRC-1544
1545,391,10,2024-11-28,70,TRC-1545
1546,425,3,2025-12-31,137,TRC-1546
1547,143,4,2026-01-05,126,TRC-1547
1548,179,8,2026-04-03,107,TRC-1548
1549,126,9,2026-04-08,72,TRC-1549
1550,482,9,2026-02-17,28,TRC-1550
1551,527,1,2025-03-10,42,TRC-1551
1552,83,11,2024-07-10,26,TRC-1552
1553,304,6,2024-07-27,24,TRC-1553
1554,294,5,2026-05-21,136,TRC-1554
1555,219,5,2025-06-27,44,TRC-1555
1556,75,1,2026-01-29,75,TRC-1556
1557,127,9,2026-04-25,130,TRC-1557
1558,52,7,2026-06-03,128,TRC-1558
1559,482,8,2025-04-23,54,TRC-1559
1560,82,11,2024-08-21,35,TRC-1560
1561,236,9,2026-01-20,84,TRC-1561
1562,178,7,2026-04-28,24,TRC-1562
1563,458,8,2025-05-15,141,TRC-1563
1564,193,5,2026-03-27,56,TRC-1564
1565,217,10,2026-05-20,77,TRC-1565
1566,271,3,2026-02-28,112,TRC-1566
1567,462,3,2024-09-23,136,TRC-1567
1568,371,8,2026-02-11,106,TRC-1568
1569,110,11,2025-12-30,108,TRC-1569
1570,103,5,2024-11-12,99,TRC-1570
1571,233,7,2025-03-21,68,TRC-1571
1572,406,9,2026-05-23,145,TRC-1572
1573,181,1,2025-08-10,93,TRC-1573
1574,253,6,2025-05-10,148,TRC-1574
1575,487,1,2025-01-30,118,TRC-1575
1576,182,9,2025-05-28,107,TRC-1576
1577,56,3,2025-12-14,101,TRC-1577
1578,84,7,2025-12-31,141,TRC-1578
1579,456,11,2025-10-29,135,TRC-1579
1580,445,4,2024-12-03,126,TRC-1580
1581,334,10,2026-03-06,94,TRC-1581
1582,139,2,2026-02-21,49,TRC-1582
1583,178,4,2024-09-10,105,TRC-1583
1584,288,8,2024-08-21,74,TRC-1584
1585,433,3,2025-01-17,122,TRC-1585
1586,389,6,2024-12-08,94,TRC-1586
1587,88,8,2024-05-07,59,TRC-1587
1588,46,9,2024-09-18,51,TRC-1588
1589,100,5,2025-01-10,65,TRC-1589
1590,427,10,2024-12-17,34,TRC-1590
1591,328,2,2025-01-12,102,TRC-1591
1592,349,2,2025-01-09,84,TRC-1592
1593,408,8,2025-09-30,45,TRC-1593
1594,9,1,2024-12-03,87,TRC-1594
1595,496,3,2025-05-04,89,TRC-1595
1596,496,11,2025-12-23,95,TRC-1596
1597,358,11,2024-08-16,52,TRC-1597
1598,204,1,2025-05-27,108,TRC-1598
1599,128,10,2024-05-27,138,TRC-1599
1600,66,3,2025-03-13,75,TRC-1600
1601,241,6,2024-11-28,79,TRC-1601
1602,383,11,2025-03-28,134,TRC-1602
1603,455,4,2025-11-17,84,TRC-1603
1604,343,9,2026-02-06,143,TRC-1604
1605,212,11,2025-08-27,37,TRC-1605
1606,449,10,2025-06-21,43,TRC-1606
1607,482,8,2024-11-25,39,TRC-1607
1608,31,7,2024-11-06,41,TRC-1608
1609,271,7,2025-05-06,120,TRC-1609
1610,510,11,2025-08-07,89,TRC-1610
1611,93,8,2025-07-31,50,TRC-1611
1612,236,6,2025-08-03,119,TRC-1612
1613,251,1,2025-02-18,75,TRC-1613
1614,202,7,2025-04-14,115,TRC-1614
1615,334,9,2025-01-29,134,TRC-1615
1616,212,6,2024-05-20,22,TRC-1616
1617,96,1,2025-08-06,147,TRC-1617
1618,230,11,2026-04-24,96,TRC-1618
1619,275,7,2025-06-09,38,TRC-1619
1620,91,5,2026-01-06,72,TRC-1620
1621,110,10,2025-12-15,121,TRC-1621
1622,342,7,2026-04-23,96,TRC-1622
1623,40,10,2024-08-28,101,TRC-1623
1624,345,7,2026-01-06,122,TRC-1624
1625,64,11,2026-01-06,120,TRC-1625
1626,149,2,2026-05-18,33,TRC-1626
1627,399,5,2025-04-02,34,TRC-1627
1628,474,11,2026-06-07,34,TRC-1628
1629,111,2,2025-05-27,72,TRC-1629
1630,488,11,2026-04-19,83,TRC-1630
1631,164,8,2024-12-16,61,TRC-1631
1632,402,8,2024-05-28,137,TRC-1632
1633,343,6,2024-10-29,96,TRC-1633
1634,92,3,2025-12-07,118,TRC-1634
1635,300,9,2025-01-17,66,TRC-1635
1636,51,11,2024-10-01,52,TRC-1636
1637,108,4,2026-05-15,52,TRC-1637
1638,200,8,2026-02-25,87,TRC-1638
1639,161,2,2024-07-25,83,TRC-1639
1640,295,2,2026-04-06,112,TRC-1640
1641,86,3,2024-08-05,37,TRC-1641
1642,384,2,2025-02-23,110,TRC-1642
1643,485,7,2026-05-16,113,TRC-1643
1644,161,3,2026-02-20,76,TRC-1644
1645,133,9,2024-10-11,102,TRC-1645
1646,448,4,2024-05-13,21,TRC-1646
1647,182,10,2024-11-27,77,TRC-1647
1648,148,9,2026-04-07,132,TRC-1648
1649,384,4,2025-09-22,109,TRC-1649
1650,497,3,2026-02-18,125,TRC-1650
1651,273,7,2026-01-01,90,TRC-1651
1652,35,8,2026-01-05,58,TRC-1652
1653,11,2,2025-01-27,110,TRC-1653
1654,51,9,2025-11-08,142,TRC-1654
1655,318,6,2024-09-24,26,TRC-1655
1656,114,11,2025-10-10,23,TRC-1656
1657,11,2,2024-08-06,20,TRC-1657
1658,504,5,2024-08-01,84,TRC-1658
1659,82,10,2024-08-04,74,TRC-1659
1660,438,7,2025-02-23,69,TRC-1660
1661,398,6,2025-04-10,82,TRC-1661
1662,308,8,2025-01-02,133,TRC-1662
1663,419,4,2025-01-21,70,TRC-1663
1664,152,3,2025-03-15,130,TRC-1664
1665,118,10,2025-08-07,39,TRC-1665
1666,186,4,2025-06-23,144,TRC-1666
1667,511,4,2025-01-23,93,TRC-1667
1668,331,3,2025-05-02,49,TRC-1668
1669,328,11,2025-10-23,20,TRC-1669
1670,134,7,2025-08-20,26,TRC-1670
1671,438,3,2024-10-10,39,TRC-1671
1672,499,8,2025-04-25,80,TRC-1672
1673,17,10,2026-02-20,101,TRC-1673
1674,96,8,2024-05-29,96,TRC-1674
1675,399,7,2026-02-28,113,TRC-1675
1676,452,11,2024-12-15,109,TRC-1676
1677,519,10,2025-05-04,108,TRC-1677
1678,120,4,2025-05-26,48,TRC-1678
1679,271,10,2025-09-18,119,TRC-1679
1680,249,10,2026-04-10,101,TRC-1680
1681,491,5,2026-02-20,142,TRC-1681
1682,285,4,2025-12-16,132,TRC-1682
1683,146,4,2026-01-04,149,TRC-1683
1684,467,8,2025-12-20,114,TRC-1684
1685,84,9,2024-11-24,140,TRC-1685
1686,505,10,2024-12-15,76,TRC-1686
1687,42,11,2025-01-21,27,TRC-1687
1688,13,6,2024-07-08,93,TRC-1688
1689,449,4,2026-03-30,117,TRC-1689
1690,374,5,2026-01-03,28,TRC-1690
1691,69,10,2025-09-05,77,TRC-1691
1692,190,5,2025-01-16,124,TRC-1692
1693,106,3,2025-08-12,68,TRC-1693
1694,57,7,2024-08-10,106,TRC-1694
1695,381,4,2024-08-19,114,TRC-1695
1696,21,10,2025-11-09,121,TRC-1696
1697,191,2,2025-12-29,123,TRC-1697
1698,502,9,2025-07-22,145,TRC-1698
1699,517,11,2025-08-11,57,TRC-1699
1700,477,7,2026-02-10,83,TRC-1700
1701,481,8,2025-04-08,76,TRC-1701
1702,448,7,2024-11-20,125,TRC-1702
1703,512,11,2025-08-03,147,TRC-1703
1704,344,1,2025-09-18,34,TRC-1704
1705,373,11,2025-06-01,31,TRC-1705
1706,410,3,2024-09-20,26,TRC-1706
1707,453,10,2025-05-19,79,TRC-1707
1708,415,6,2024-10-31,57,TRC-1708
1709,163,6,2026-01-24,94,TRC-1709
1710,17,6,2025-08-02,97,TRC-1710
1711,436,8,2026-03-08,50,TRC-1711
1712,453,6,2024-12-02,72,TRC-1712
1713,285,11,2025-01-29,100,TRC-1713
1714,472,11,2026-02-14,28,TRC-1714
1715,312,1,2025-12-17,146,TRC-1715
1716,206,9,2026-01-25,20,TRC-1716
1717,402,6,2026-05-03,142,TRC-1717
1718,223,10,2024-11-17,114,TRC-1718
1719,25,6,2025-04-13,41,TRC-1719
1720,419,10,2026-04-18,126,TRC-1720
1721,67,3,2026-01-18,47,TRC-1721
1722,249,9,2025-07-30,135,TRC-1722
1723,496,9,2026-03-04,105,TRC-1723
1724,160,2,2024-11-24,93,TRC-1724
1725,87,4,2025-08-03,141,TRC-1725
1726,248,1,2026-03-23,129,TRC-1726
1727,37,9,2025-06-11,115,TRC-1727
1728,418,9,2026-04-04,86,TRC-1728
1729,436,9,2025-08-15,51,TRC-1729
1730,166,4,2025-02-17,121,TRC-1730
1731,424,1,2024-11-30,122,TRC-1731
1732,381,6,2025-01-05,111,TRC-1732
1733,335,5,2026-01-19,45,TRC-1733
1734,453,8,2025-04-19,53,TRC-1734
1735,301,1,2025-01-23,65,TRC-1735
1736,515,9,2024-12-14,36,TRC-1736
1737,328,6,2025-02-26,134,TRC-1737
1738,351,8,2024-11-28,148,TRC-1738
1739,484,11,2026-05-04,58,TRC-1739
1740,22,3,2024-09-30,93,TRC-1740
1741,294,2,2025-04-16,114,TRC-1741
1742,311,10,2026-01-20,82,TRC-1742
1743,389,1,2026-04-08,50,TRC-1743
1744,89,6,2024-07-19,113,TRC-1744
1745,92,4,2024-08-07,92,TRC-1745
1746,452,11,2024-08-02,111,TRC-1746
1747,43,5,2024-10-11,105,TRC-1747
1748,142,3,2025-07-25,142,TRC-1748
1749,39,11,2025-01-16,118,TRC-1749
1750,316,10,2026-01-03,81,TRC-1750
1751,357,11,2024-12-16,149,TRC-1751
1752,404,4,2025-09-22,75,TRC-1752
1753,499,3,2025-12-25,62,TRC-1753
1754,334,9,2025-08-17,44,TRC-1754
1755,227,4,2026-02-25,109,TRC-1755
1756,189,5,2026-04-08,89,TRC-1756
1757,254,11,2026-02-24,29,TRC-1757
1758,267,6,2025-09-19,74,TRC-1758
1759,428,8,2024-10-05,62,TRC-1759
1760,309,1,2024-09-19,116,TRC-1760
1761,53,10,2025-02-23,148,TRC-1761
1762,76,8,2025-07-28,23,TRC-1762
1763,408,7,2025-08-13,46,TRC-1763
1764,236,11,2025-06-22,95,TRC-1764
1765,112,11,2024-05-22,66,TRC-1765
1766,56,2,2025-01-17,117,TRC-1766
1767,268,7,2025-08-18,118,TRC-1767
1768,450,4,2025-04-14,48,TRC-1768
1769,225,7,2026-05-20,47,TRC-1769
1770,413,10,2025-10-18,148,TRC-1770
1771,177,3,2024-09-28,110,TRC-1771
1772,317,8,2025-10-01,91,TRC-1772
1773,62,11,2026-04-16,149,TRC-1773
1774,478,4,2025-07-30,76,TRC-1774
1775,508,2,2026-03-10,128,TRC-1775
1776,177,7,2025-12-04,41,TRC-1776
1777,459,2,2024-10-05,126,TRC-1777
1778,272,5,2024-12-10,46,TRC-1778
1779,441,5,2026-04-18,92,TRC-1779
1780,147,10,2025-07-01,126,TRC-1780
1781,264,2,2025-11-27,49,TRC-1781
1782,46,5,2025-01-06,149,TRC-1782
1783,139,1,2026-03-03,68,TRC-1783
1784,253,10,2025-06-09,120,TRC-1784
1785,320,3,2025-08-06,141,TRC-1785
1786,498,5,2025-08-14,50,TRC-1786
1787,268,5,2025-01-29,20,TRC-1787
1788,127,4,2025-08-05,110,TRC-1788
1789,159,6,2025-04-24,110,TRC-1789
1790,89,9,2025-05-04,70,TRC-1790
1791,157,2,2026-04-14,73,TRC-1791
1792,369,6,2024-08-26,38,TRC-1792
1793,361,5,2025-06-26,53,TRC-1793
1794,493,6,2025-05-21,21,TRC-1794
1795,516,11,2025-03-29,35,TRC-1795
1796,177,1,2025-11-16,132,TRC-1796
1797,74,3,2025-12-28,120,TRC-1797
1798,315,1,2025-02-24,67,TRC-1798
1799,108,4,2026-03-19,58,TRC-1799
1800,163,8,2026-02-25,83,TRC-1800
1801,420,3,2025-09-24,134,TRC-1801
1802,450,5,2025-02-21,131,TRC-1802
1803,521,2,2024-09-11,94,TRC-1803
1804,458,11,2025-04-27,137,TRC-1804
1805,155,10,2025-06-12,94,TRC-1805
1806,199,2,2026-06-28,71,TRC-1806
1807,355,11,2026-05-02,146,TRC-1807
1808,419,9,2025-12-27,86,TRC-1808
1809,236,7,2025-09-27,128,TRC-1809
1810,215,3,2025-02-26,28,TRC-1810
1811,407,2,2025-04-21,72,TRC-1811
1812,461,10,2025-10-01,23,TRC-1812
1813,310,1,2025-05-01,73,TRC-1813
1814,205,2,2025-08-09,101,TRC-1814
1815,17,2,2025-01-20,121,TRC-1815
1816,12,3,2025-01-28,83,TRC-1816
1817,60,2,2025-02-12,76,TRC-1817
1818,375,4,2025-11-22,38,TRC-1818
1819,283,11,2025-02-21,81,TRC-1819
1820,97,6,2025-11-18,144,TRC-1820
1821,89,6,2025-01-30,41,TRC-1821
1822,437,1,2025-06-04,148,TRC-1822
1823,242,7,2024-07-27,110,TRC-1823
1824,407,1,2024-07-07,56,TRC-1824
1825,147,5,2024-10-04,146,TRC-1825
1826,345,2,2024-08-22,57,TRC-1826
1827,251,6,2025-01-05,31,TRC-1827
1828,67,1,2024-12-13,94,TRC-1828
1829,331,8,2026-02-10,147,TRC-1829
1830,140,10,2024-10-07,36,TRC-1830
1831,490,11,2025-05-05,110,TRC-1831
1832,406,7,2025-05-02,115,TRC-1832
1833,220,7,2025-11-08,43,TRC-1833
1834,168,2,2026-02-25,94,TRC-1834
1835,232,8,2025-05-12,70,TRC-1835
1836,465,2,2025-12-30,91,TRC-1836
1837,19,4,2025-05-07,22,TRC-1837
1838,54,6,2026-05-15,120,TRC-1838
1839,41,8,2025-01-24,21,TRC-1839
1840,505,5,2025-01-22,103,TRC-1840
1841,176,2,2026-01-25,79,TRC-1841
1842,234,9,2025-08-01,50,TRC-1842
1843,157,10,2024-11-22,73,TRC-1843
1844,465,11,2026-05-15,64,TRC-1844
1845,39,2,2026-02-16,95,TRC-1845
1846,303,8,2024-09-29,114,TRC-1846
1847,88,9,2026-05-02,122,TRC-1847
1848,275,8,2025-01-28,33,TRC-1848
1849,178,5,2026-02-21,129,TRC-1849
1850,421,10,2025-04-05,81,TRC-1850
1851,369,11,2024-10-06,113,TRC-1851
1852,345,9,2024-08-02,82,TRC-1852
1853,40,1,2024-09-21,147,TRC-1853
1854,56,4,2025-07-18,49,TRC-1854
1855,98,11,2024-09-20,39,TRC-1855
1856,513,1,2025-01-31,92,TRC-1856
1857,243,2,2025-09-27,115,TRC-1857
1858,431,5,2024-08-03,24,TRC-1858
1859,86,5,2026-02-05,123,TRC-1859
1860,205,4,2025-12-23,103,TRC-1860
1861,446,3,2026-04-22,64,TRC-1861
1862,213,2,2024-11-23,119,TRC-1862
1863,396,7,2025-07-18,78,TRC-1863
1864,389,2,2026-04-05,94,TRC-1864
1865,160,4,2024-05-21,46,TRC-1865
1866,487,2,2026-03-25,134,TRC-1866
1867,303,6,2025-07-01,139,TRC-1867
1868,343,2,2025-01-18,112,TRC-1868
1869,76,10,2026-03-27,22,TRC-1869
1870,423,8,2025-09-22,79,TRC-1870
1871,428,4,2024-10-22,113,TRC-1871
1872,484,7,2024-10-07,81,TRC-1872
1873,271,2,2025-05-21,81,TRC-1873
1874,191,9,2026-03-04,116,TRC-1874
1875,56,7,2026-05-12,126,TRC-1875
1876,23,3,2025-05-14,95,TRC-1876
1877,376,8,2025-08-02,132,TRC-1877
1878,84,11,2024-09-22,97,TRC-1878
1879,483,2,2026-04-09,147,TRC-1879
1880,155,3,2026-04-19,146,TRC-1880
1881,168,7,2024-05-05,51,TRC-1881
1882,476,9,2024-09-26,49,TRC-1882
1883,256,2,2026-02-20,142,TRC-1883
1884,117,2,2024-07-06,37,TRC-1884
1885,270,2,2025-10-04,60,TRC-1885
1886,320,6,2025-06-05,98,TRC-1886
1887,223,2,2025-08-21,72,TRC-1887
1888,482,5,2024-09-19,43,TRC-1888
1889,412,10,2025-07-20,102,TRC-1889
1890,55,9,2025-12-30,110,TRC-1890
1891,197,5,2026-02-07,21,TRC-1891
1892,505,7,2024-06-13,42,TRC-1892
1893,397,2,2025-06-03,72,TRC-1893
1894,107,11,2025-12-01,52,TRC-1894
1895,227,2,2025-08-01,42,TRC-1895
1896,31,4,2024-07-05,101,TRC-1896
1897,390,6,2024-09-22,128,TRC-1897
1898,32,2,2026-06-19,36,TRC-1898
1899,133,7,2024-05-23,34,TRC-1899
1900,153,5,2024-09-29,39,TRC-1900
1901,287,4,2024-06-18,89,TRC-1901
1902,72,2,2025-09-21,84,TRC-1902
1903,299,11,2025-10-28,121,TRC-1903
1904,282,9,2026-01-05,57,TRC-1904
1905,64,11,2025-01-22,128,TRC-1905
1906,76,2,2025-12-03,128,TRC-1906
1907,410,1,2024-09-26,77,TRC-1907
1908,347,10,2024-08-24,58,TRC-1908
1909,433,7,2024-09-25,101,TRC-1909
1910,508,5,2024-10-19,128,TRC-1910
1911,193,4,2024-08-01,45,TRC-1911
1912,323,1,2025-06-26,130,TRC-1912
1913,295,2,2025-04-11,44,TRC-1913
1914,107,4,2024-08-20,94,TRC-1914
1915,108,11,2024-11-28,23,TRC-1915
1916,47,11,2025-06-15,143,TRC-1916
1917,329,8,2024-07-27,116,TRC-1917
1918,233,1,2025-10-19,90,TRC-1918
1919,285,11,2025-09-29,92,TRC-1919
1920,511,4,2025-01-08,80,TRC-1920
1921,381,11,2024-09-24,140,TRC-1921
1922,490,1,2024-09-27,44,TRC-1922
1923,369,3,2025-01-12,112,TRC-1923
1924,496,6,2025-12-13,32,TRC-1924
1925,220,8,2026-01-24,24,TRC-1925
1926,336,10,2025-05-20,121,TRC-1926
1927,19,10,2025-07-29,111,TRC-1927
1928,22,6,2025-09-04,110,TRC-1928
1929,359,8,2026-02-18,59,TRC-1929
1930,274,8,2024-11-07,59,TRC-1930
1931,518,1,2024-12-12,121,TRC-1931
1932,177,5,2025-10-23,39,TRC-1932
1933,93,10,2025-01-05,108,TRC-1933
1934,391,3,2024-08-20,144,TRC-1934
1935,27,9,2024-08-25,33,TRC-1935
1936,207,2,2024-08-18,51,TRC-1936
1937,472,10,2026-01-02,105,TRC-1937
1938,153,3,2026-04-19,73,TRC-1938
1939,190,6,2025-12-13,119,TRC-1939
1940,141,6,2026-02-24,20,TRC-1940
1941,353,7,2025-01-25,51,TRC-1941
1942,472,2,2025-03-31,86,TRC-1942
1943,286,3,2025-01-10,147,TRC-1943
1944,148,4,2025-01-13,100,TRC-1944
1945,502,5,2025-04-03,66,TRC-1945
1946,155,1,2025-09-23,84,TRC-1946
1947,450,10,2024-07-18,81,TRC-1947
1948,115,6,2024-07-07,150,TRC-1948
1949,295,3,2025-08-15,107,TRC-1949
1950,140,11,2025-09-19,104,TRC-1950
1951,373,6,2026-01-01,145,TRC-1951
1952,230,7,2025-01-19,95,TRC-1952
1953,216,8,2024-11-05,109,TRC-1953
1954,228,9,2025-01-22,45,TRC-1954
1955,131,10,2026-03-06,58,TRC-1955
1956,329,2,2025-01-26,46,TRC-1956
1957,213,1,2025-04-12,47,TRC-1957
1958,337,4,2024-10-15,115,TRC-1958
1959,267,7,2025-07-20,91,TRC-1959
1960,175,4,2024-07-18,55,TRC-1960
1961,234,3,2025-01-21,28,TRC-1961
1962,330,8,2025-11-13,35,TRC-1962
1963,108,4,2025-08-15,142,TRC-1963
1964,362,9,2025-10-31,132,TRC-1964
1965,174,2,2025-10-21,77,TRC-1965
1966,191,3,2025-04-08,116,TRC-1966
1967,7,10,2025-12-30,73,TRC-1967
1968,382,2,2025-02-16,79,TRC-1968
1969,309,5,2025-04-29,83,TRC-1969
1970,455,11,2025-04-17,91,TRC-1970
1971,127,2,2024-09-24,77,TRC-1971
1972,63,11,2026-04-18,84,TRC-1972
1973,174,5,2025-02-27,113,TRC-1973
1974,32,8,2025-05-06,144,TRC-1974
1975,329,4,2025-05-15,111,TRC-1975
1976,134,4,2026-01-03,87,TRC-1976
1977,524,1,2025-09-20,65,TRC-1977
1978,330,1,2025-09-12,54,TRC-1978
1979,493,10,2025-04-28,62,TRC-1979
1980,498,6,2024-07-14,76,TRC-1980
1981,381,7,2025-07-19,95,TRC-1981
1982,241,4,2024-11-03,28,TRC-1982
1983,391,7,2026-05-30,126,TRC-1983
1984,412,4,2024-04-30,79,TRC-1984
1985,71,7,2026-02-06,43,TRC-1985
1986,341,6,2025-08-02,76,TRC-1986
1987,251,8,2025-02-27,72,TRC-1987
1988,262,11,2025-04-19,34,TRC-1988
1989,505,10,2026-05-21,39,TRC-1989
1990,221,8,2025-08-31,74,TRC-1990
1991,100,9,2026-03-08,55,TRC-1991
1992,294,6,2024-08-20,53,TRC-1992
1993,148,2,2024-10-18,120,TRC-1993
1994,460,5,2024-11-02,52,TRC-1994
1995,277,8,2025-04-23,82,TRC-1995
1996,329,1,2024-10-23,128,TRC-1996
1997,25,6,2024-12-08,76,TRC-1997
1998,123,3,2025-04-13,26,TRC-1998
1999,36,10,2025-05-02,108,TRC-1999
2000,24,4,2025-12-17,100,TRC-2000
2001,102,10,2025-07-10,126,TRC-2001
2002,330,7,2025-09-13,103,TRC-2002
2003,82,8,2025-02-23,87,TRC-2003
2004,35,6,2025-06-05,86,TRC-2004
2005,87,6,2024-09-23,103,TRC-2005
2006,288,1,2025-06-10,64,TRC-2006
2007,404,11,2025-12-29,147,TRC-2007
2008,249,1,2024-09-27,26,TRC-2008
2009,264,11,2025-02-24,40,TRC-2009
2010,358,11,2025-01-12,33,TRC-2010
2011,20,10,2025-09-24,38,TRC-2011
2012,444,6,2026-01-28,99,TRC-2012
2013,51,1,2024-07-27,30,TRC-2013
2014,24,5,2025-12-01,125,TRC-2014
2015,258,10,2026-01-29,138,TRC-2015
2016,217,5,2025-04-27,132,TRC-2016
2017,370,7,2026-03-31,24,TRC-2017
2018,146,5,2026-02-03,121,TRC-2018
2019,324,8,2024-11-27,128,TRC-2019
2020,198,9,2024-07-04,30,TRC-2020
2021,340,2,2024-09-22,42,TRC-2021
2022,175,11,2026-01-27,47,TRC-2022
2023,182,11,2025-04-11,115,TRC-2023
2024,121,6,2024-07-11,104,TRC-2024
2025,247,2,2025-01-14,106,TRC-2025
2026,73,8,2025-06-05,85,TRC-2026
2027,282,8,2024-10-31,143,TRC-2027
2028,104,11,2025-09-20,30,TRC-2028
2029,254,2,2025-01-29,137,TRC-2029
2030,60,3,2025-09-29,112,TRC-2030
2031,103,7,2025-04-26,150,TRC-2031
2032,285,7,2026-01-28,127,TRC-2032
2033,518,10,2026-05-16,66,TRC-2033
2034,87,11,2024-10-12,78,TRC-2034
2035,69,2,2024-07-26,81,TRC-2035
2036,279,11,2024-09-20,91,TRC-2036
2037,161,10,2024-09-25,137,TRC-2037
2038,95,5,2024-11-29,96,TRC-2038
2039,6,10,2025-09-09,99,TRC-2039
2040,262,7,2025-04-11,80,TRC-2040
2041,516,8,2026-05-19,24,TRC-2041
2042,490,7,2025-12-12,142,TRC-2042
2043,482,4,2025-08-02,135,TRC-2043
2044,255,5,2024-10-16,57,TRC-2044
2045,103,9,2026-03-30,136,TRC-2045
2046,130,9,2024-06-18,134,TRC-2046
2047,446,8,2025-09-16,130,TRC-2047
2048,59,10,2024-12-01,40,TRC-2048
2049,195,6,2025-07-01,61,TRC-2049
2050,130,6,2025-10-18,73,TRC-2050
2051,446,10,2026-03-23,147,TRC-2051
2052,364,7,2025-05-23,134,TRC-2052
2053,120,1,2025-03-22,115,TRC-2053
2054,426,8,2026-01-06,31,TRC-2054
2055,457,8,2025-01-16,143,TRC-2055
2056,35,6,2024-07-31,135,TRC-2056
2057,139,6,2024-07-18,24,TRC-2057
2058,378,5,2025-01-28,85,TRC-2058
2059,329,8,2026-01-26,102,TRC-2059
2060,399,11,2026-01-21,75,TRC-2060
2061,274,9,2024-05-17,88,TRC-2061
2062,345,11,2024-08-03,141,TRC-2062
2063,216,4,2024-12-12,106,TRC-2063
2064,4,6,2024-10-13,26,TRC-2064
2065,11,11,2025-05-01,135,TRC-2065
2066,482,3,2025-03-15,56,TRC-2066
2067,335,11,2025-01-04,149,TRC-2067
2068,280,3,2025-09-21,129,TRC-2068
2069,241,7,2025-01-24,128,TRC-2069
2070,476,7,2025-12-24,98,TRC-2070
2071,177,11,2024-08-31,93,TRC-2071
2072,48,1,2024-12-05,143,TRC-2072
2073,443,6,2025-08-15,77,TRC-2073
2074,479,11,2024-10-08,85,TRC-2074
2075,503,2,2026-04-15,127,TRC-2075
2076,67,10,2026-01-27,48,TRC-2076
2077,439,10,2025-04-05,105,TRC-2077
2078,178,6,2025-06-05,65,TRC-2078
2079,102,7,2026-02-12,38,TRC-2079
2080,488,9,2024-12-17,35,TRC-2080
2081,522,3,2025-03-15,73,TRC-2081
2082,48,1,2025-10-25,36,TRC-2082
2083,316,10,2024-12-03,24,TRC-2083
2084,492,5,2024-10-28,79,TRC-2084
2085,180,5,2026-01-01,92,TRC-2085
2086,4,2,2026-04-25,117,TRC-2086
2087,121,2,2025-11-28,64,TRC-2087
2088,270,1,2025-05-25,83,TRC-2088
2089,160,9,2024-11-26,138,TRC-2089
2090,446,6,2024-10-22,109,TRC-2090
2091,149,1,2025-01-13,68,TRC-2091
2092,61,6,2026-04-13,118,TRC-2092
2093,260,3,2025-03-27,75,TRC-2093
2094,213,8,2025-01-23,111,TRC-2094
2095,513,5,2026-04-18,118,TRC-2095
2096,491,4,2025-01-18,98,TRC-2096
2097,250,1,2024-11-20,65,TRC-2097
2098,140,11,2026-01-23,40,TRC-2098
2099,210,2,2025-01-29,122,TRC-2099
2100,48,6,2025-02-16,110,TRC-2100
